advisory,dependency,installed,fixed_reported,severity,target,package_type,subject_config_digest,applicability,next_action,advisory_url
CVE-2026-53613,bsdutils,1:2.38.1-5+deb12u3,,HIGH,/work/ditto-image.tar (debian 12.15),debian,sha256:03035637c5aabcb44caceb19f38a9dc6ad25b4bdfbd311e8a0e99710cf6dc4ef,组件存在于实际镜像；调用路径可利用性待逐项复核,按供应商修复/回补证据更新依赖或基础镜像，复跑 PIT、API、隔离及制品门；不自动豁免,https://avd.aquasec.com/nvd/cve-2026-53613
CVE-2026-76642,bsdutils,1:2.38.1-5+deb12u3,,HIGH,/work/ditto-image.tar (debian 12.15),debian,sha256:03035637c5aabcb44caceb19f38a9dc6ad25b4bdfbd311e8a0e99710cf6dc4ef,组件存在于实际镜像；调用路径可利用性待逐项复核,按供应商修复/回补证据更新依赖或基础镜像，复跑 PIT、API、隔离及制品门；不自动豁免,https://avd.aquasec.com/nvd/cve-2026-76642
CVE-2026-78408,bsdutils,1:2.38.1-5+deb12u3,,HIGH,/work/ditto-image.tar (debian 12.15),debian,sha256:03035637c5aabcb44caceb19f38a9dc6ad25b4bdfbd311e8a0e99710cf6dc4ef,组件存在于实际镜像；调用路径可利用性待逐项复核,按供应商修复/回补证据更新依赖或基础镜像，复跑 PIT、API、隔离及制品门；不自动豁免,https://avd.aquasec.com/nvd/cve-2026-78408
CVE-2026-78409,bsdutils,1:2.38.1-5+deb12u3,,HIGH,/work/ditto-image.tar (debian 12.15),debian,sha256:03035637c5aabcb44caceb19f38a9dc6ad25b4bdfbd311e8a0e99710cf6dc4ef,组件存在于实际镜像；调用路径可利用性待逐项复核,按供应商修复/回补证据更新依赖或基础镜像，复跑 PIT、API、隔离及制品门；不自动豁免,https://avd.aquasec.com/nvd/cve-2026-78409
CVE-2026-78410,bsdutils,1:2.38.1-5+deb12u3,,HIGH,/work/ditto-image.tar (debian 12.15),debian,sha256:03035637c5aabcb44caceb19f38a9dc6ad25b4bdfbd311e8a0e99710cf6dc4ef,组件存在于实际镜像；调用路径可利用性待逐项复核,按供应商修复/回补证据更新依赖或基础镜像，复跑 PIT、API、隔离及制品门；不自动豁免,https://avd.aquasec.com/nvd/cve-2026-78410
CVE-2026-41992,gzip,1.12-1,,HIGH,/work/ditto-image.tar (debian 12.15),debian,sha256:03035637c5aabcb44caceb19f38a9dc6ad25b4bdfbd311e8a0e99710cf6dc4ef,组件存在于实际镜像；调用路径可利用性待逐项复核,按供应商修复/回补证据更新依赖或基础镜像，复跑 PIT、API、隔离及制品门；不自动豁免,https://avd.aquasec.com/nvd/cve-2026-41992
CVE-2026-54369,libacl1,2.3.1-3,,HIGH,/work/ditto-image.tar (debian 12.15),debian,sha256:03035637c5aabcb44caceb19f38a9dc6ad25b4bdfbd311e8a0e99710cf6dc4ef,组件存在于实际镜像；调用路径可利用性待逐项复核,按供应商修复/回补证据更新依赖或基础镜像，复跑 PIT、API、隔离及制品门；不自动豁免,https://avd.aquasec.com/nvd/cve-2026-54369
CVE-2026-53613,libblkid1,2.38.1-5+deb12u3,,HIGH,/work/ditto-image.tar (debian 12.15),debian,sha256:03035637c5aabcb44caceb19f38a9dc6ad25b4bdfbd311e8a0e99710cf6dc4ef,组件存在于实际镜像；调用路径可利用性待逐项复核,按供应商修复/回补证据更新依赖或基础镜像，复跑 PIT、API、隔离及制品门；不自动豁免,https://avd.aquasec.com/nvd/cve-2026-53613
CVE-2026-76642,libblkid1,2.38.1-5+deb12u3,,HIGH,/work/ditto-image.tar (debian 12.15),debian,sha256:03035637c5aabcb44caceb19f38a9dc6ad25b4bdfbd311e8a0e99710cf6dc4ef,组件存在于实际镜像；调用路径可利用性待逐项复核,按供应商修复/回补证据更新依赖或基础镜像，复跑 PIT、API、隔离及制品门；不自动豁免,https://avd.aquasec.com/nvd/cve-2026-76642
CVE-2026-78408,libblkid1,2.38.1-5+deb12u3,,HIGH,/work/ditto-image.tar (debian 12.15),debian,sha256:03035637c5aabcb44caceb19f38a9dc6ad25b4bdfbd311e8a0e99710cf6dc4ef,组件存在于实际镜像；调用路径可利用性待逐项复核,按供应商修复/回补证据更新依赖或基础镜像，复跑 PIT、API、隔离及制品门；不自动豁免,https://avd.aquasec.com/nvd/cve-2026-78408
CVE-2026-78409,libblkid1,2.38.1-5+deb12u3,,HIGH,/work/ditto-image.tar (debian 12.15),debian,sha256:03035637c5aabcb44caceb19f38a9dc6ad25b4bdfbd311e8a0e99710cf6dc4ef,组件存在于实际镜像；调用路径可利用性待逐项复核,按供应商修复/回补证据更新依赖或基础镜像，复跑 PIT、API、隔离及制品门；不自动豁免,https://avd.aquasec.com/nvd/cve-2026-78409
CVE-2026-78410,libblkid1,2.38.1-5+deb12u3,,HIGH,/work/ditto-image.tar (debian 12.15),debian,sha256:03035637c5aabcb44caceb19f38a9dc6ad25b4bdfbd311e8a0e99710cf6dc4ef,组件存在于实际镜像；调用路径可利用性待逐项复核,按供应商修复/回补证据更新依赖或基础镜像，复跑 PIT、API、隔离及制品门；不自动豁免,https://avd.aquasec.com/nvd/cve-2026-78410
CVE-2026-53613,libmount1,2.38.1-5+deb12u3,,HIGH,/work/ditto-image.tar (debian 12.15),debian,sha256:03035637c5aabcb44caceb19f38a9dc6ad25b4bdfbd311e8a0e99710cf6dc4ef,组件存在于实际镜像；调用路径可利用性待逐项复核,按供应商修复/回补证据更新依赖或基础镜像，复跑 PIT、API、隔离及制品门；不自动豁免,https://avd.aquasec.com/nvd/cve-2026-53613
CVE-2026-76642,libmount1,2.38.1-5+deb12u3,,HIGH,/work/ditto-image.tar (debian 12.15),debian,sha256:03035637c5aabcb44caceb19f38a9dc6ad25b4bdfbd311e8a0e99710cf6dc4ef,组件存在于实际镜像；调用路径可利用性待逐项复核,按供应商修复/回补证据更新依赖或基础镜像，复跑 PIT、API、隔离及制品门；不自动豁免,https://avd.aquasec.com/nvd/cve-2026-76642
CVE-2026-78408,libmount1,2.38.1-5+deb12u3,,HIGH,/work/ditto-image.tar (debian 12.15),debian,sha256:03035637c5aabcb44caceb19f38a9dc6ad25b4bdfbd311e8a0e99710cf6dc4ef,组件存在于实际镜像；调用路径可利用性待逐项复核,按供应商修复/回补证据更新依赖或基础镜像，复跑 PIT、API、隔离及制品门；不自动豁免,https://avd.aquasec.com/nvd/cve-2026-78408
CVE-2026-78409,libmount1,2.38.1-5+deb12u3,,HIGH,/work/ditto-image.tar (debian 12.15),debian,sha256:03035637c5aabcb44caceb19f38a9dc6ad25b4bdfbd311e8a0e99710cf6dc4ef,组件存在于实际镜像；调用路径可利用性待逐项复核,按供应商修复/回补证据更新依赖或基础镜像，复跑 PIT、API、隔离及制品门；不自动豁免,https://avd.aquasec.com/nvd/cve-2026-78409
CVE-2026-78410,libmount1,2.38.1-5+deb12u3,,HIGH,/work/ditto-image.tar (debian 12.15),debian,sha256:03035637c5aabcb44caceb19f38a9dc6ad25b4bdfbd311e8a0e99710cf6dc4ef,组件存在于实际镜像；调用路径可利用性待逐项复核,按供应商修复/回补证据更新依赖或基础镜像，复跑 PIT、API、隔离及制品门；不自动豁免,https://avd.aquasec.com/nvd/cve-2026-78410
CVE-2026-53613,libsmartcols1,2.38.1-5+deb12u3,,HIGH,/work/ditto-image.tar (debian 12.15),debian,sha256:03035637c5aabcb44caceb19f38a9dc6ad25b4bdfbd311e8a0e99710cf6dc4ef,组件存在于实际镜像；调用路径可利用性待逐项复核,按供应商修复/回补证据更新依赖或基础镜像，复跑 PIT、API、隔离及制品门；不自动豁免,https://avd.aquasec.com/nvd/cve-2026-53613
CVE-2026-76642,libsmartcols1,2.38.1-5+deb12u3,,HIGH,/work/ditto-image.tar (debian 12.15),debian,sha256:03035637c5aabcb44caceb19f38a9dc6ad25b4bdfbd311e8a0e99710cf6dc4ef,组件存在于实际镜像；调用路径可利用性待逐项复核,按供应商修复/回补证据更新依赖或基础镜像，复跑 PIT、API、隔离及制品门；不自动豁免,https://avd.aquasec.com/nvd/cve-2026-76642
CVE-2026-78408,libsmartcols1,2.38.1-5+deb12u3,,HIGH,/work/ditto-image.tar (debian 12.15),debian,sha256:03035637c5aabcb44caceb19f38a9dc6ad25b4bdfbd311e8a0e99710cf6dc4ef,组件存在于实际镜像；调用路径可利用性待逐项复核,按供应商修复/回补证据更新依赖或基础镜像，复跑 PIT、API、隔离及制品门；不自动豁免,https://avd.aquasec.com/nvd/cve-2026-78408
CVE-2026-78409,libsmartcols1,2.38.1-5+deb12u3,,HIGH,/work/ditto-image.tar (debian 12.15),debian,sha256:03035637c5aabcb44caceb19f38a9dc6ad25b4bdfbd311e8a0e99710cf6dc4ef,组件存在于实际镜像；调用路径可利用性待逐项复核,按供应商修复/回补证据更新依赖或基础镜像，复跑 PIT、API、隔离及制品门；不自动豁免,https://avd.aquasec.com/nvd/cve-2026-78409
CVE-2026-78410,libsmartcols1,2.38.1-5+deb12u3,,HIGH,/work/ditto-image.tar (debian 12.15),debian,sha256:03035637c5aabcb44caceb19f38a9dc6ad25b4bdfbd311e8a0e99710cf6dc4ef,组件存在于实际镜像；调用路径可利用性待逐项复核,按供应商修复/回补证据更新依赖或基础镜像，复跑 PIT、API、隔离及制品门；不自动豁免,https://avd.aquasec.com/nvd/cve-2026-78410
CVE-2026-16742,libsystemd0,252.39-1~deb12u2,,HIGH,/work/ditto-image.tar (debian 12.15),debian,sha256:03035637c5aabcb44caceb19f38a9dc6ad25b4bdfbd311e8a0e99710cf6dc4ef,组件存在于实际镜像；调用路径可利用性待逐项复核,按供应商修复/回补证据更新依赖或基础镜像，复跑 PIT、API、隔离及制品门；不自动豁免,https://avd.aquasec.com/nvd/cve-2026-16742
CVE-2025-69720,libtinfo6,6.4-4,,HIGH,/work/ditto-image.tar (debian 12.15),debian,sha256:03035637c5aabcb44caceb19f38a9dc6ad25b4bdfbd311e8a0e99710cf6dc4ef,组件存在于实际镜像；调用路径可利用性待逐项复核,按供应商修复/回补证据更新依赖或基础镜像，复跑 PIT、API、隔离及制品门；不自动豁免,https://avd.aquasec.com/nvd/cve-2025-69720
CVE-2026-16742,libudev1,252.39-1~deb12u2,,HIGH,/work/ditto-image.tar (debian 12.15),debian,sha256:03035637c5aabcb44caceb19f38a9dc6ad25b4bdfbd311e8a0e99710cf6dc4ef,组件存在于实际镜像；调用路径可利用性待逐项复核,按供应商修复/回补证据更新依赖或基础镜像，复跑 PIT、API、隔离及制品门；不自动豁免,https://avd.aquasec.com/nvd/cve-2026-16742
CVE-2026-53613,libuuid1,2.38.1-5+deb12u3,,HIGH,/work/ditto-image.tar (debian 12.15),debian,sha256:03035637c5aabcb44caceb19f38a9dc6ad25b4bdfbd311e8a0e99710cf6dc4ef,组件存在于实际镜像；调用路径可利用性待逐项复核,按供应商修复/回补证据更新依赖或基础镜像，复跑 PIT、API、隔离及制品门；不自动豁免,https://avd.aquasec.com/nvd/cve-2026-53613
CVE-2026-76642,libuuid1,2.38.1-5+deb12u3,,HIGH,/work/ditto-image.tar (debian 12.15),debian,sha256:03035637c5aabcb44caceb19f38a9dc6ad25b4bdfbd311e8a0e99710cf6dc4ef,组件存在于实际镜像；调用路径可利用性待逐项复核,按供应商修复/回补证据更新依赖或基础镜像，复跑 PIT、API、隔离及制品门；不自动豁免,https://avd.aquasec.com/nvd/cve-2026-76642
CVE-2026-78408,libuuid1,2.38.1-5+deb12u3,,HIGH,/work/ditto-image.tar (debian 12.15),debian,sha256:03035637c5aabcb44caceb19f38a9dc6ad25b4bdfbd311e8a0e99710cf6dc4ef,组件存在于实际镜像；调用路径可利用性待逐项复核,按供应商修复/回补证据更新依赖或基础镜像，复跑 PIT、API、隔离及制品门；不自动豁免,https://avd.aquasec.com/nvd/cve-2026-78408
CVE-2026-78409,libuuid1,2.38.1-5+deb12u3,,HIGH,/work/ditto-image.tar (debian 12.15),debian,sha256:03035637c5aabcb44caceb19f38a9dc6ad25b4bdfbd311e8a0e99710cf6dc4ef,组件存在于实际镜像；调用路径可利用性待逐项复核,按供应商修复/回补证据更新依赖或基础镜像，复跑 PIT、API、隔离及制品门；不自动豁免,https://avd.aquasec.com/nvd/cve-2026-78409
CVE-2026-78410,libuuid1,2.38.1-5+deb12u3,,HIGH,/work/ditto-image.tar (debian 12.15),debian,sha256:03035637c5aabcb44caceb19f38a9dc6ad25b4bdfbd311e8a0e99710cf6dc4ef,组件存在于实际镜像；调用路径可利用性待逐项复核,按供应商修复/回补证据更新依赖或基础镜像，复跑 PIT、API、隔离及制品门；不自动豁免,https://avd.aquasec.com/nvd/cve-2026-78410
CVE-2026-53613,mount,2.38.1-5+deb12u3,,HIGH,/work/ditto-image.tar (debian 12.15),debian,sha256:03035637c5aabcb44caceb19f38a9dc6ad25b4bdfbd311e8a0e99710cf6dc4ef,组件存在于实际镜像；调用路径可利用性待逐项复核,按供应商修复/回补证据更新依赖或基础镜像，复跑 PIT、API、隔离及制品门；不自动豁免,https://avd.aquasec.com/nvd/cve-2026-53613
CVE-2026-76642,mount,2.38.1-5+deb12u3,,HIGH,/work/ditto-image.tar (debian 12.15),debian,sha256:03035637c5aabcb44caceb19f38a9dc6ad25b4bdfbd311e8a0e99710cf6dc4ef,组件存在于实际镜像；调用路径可利用性待逐项复核,按供应商修复/回补证据更新依赖或基础镜像，复跑 PIT、API、隔离及制品门；不自动豁免,https://avd.aquasec.com/nvd/cve-2026-76642
CVE-2026-78408,mount,2.38.1-5+deb12u3,,HIGH,/work/ditto-image.tar (debian 12.15),debian,sha256:03035637c5aabcb44caceb19f38a9dc6ad25b4bdfbd311e8a0e99710cf6dc4ef,组件存在于实际镜像；调用路径可利用性待逐项复核,按供应商修复/回补证据更新依赖或基础镜像，复跑 PIT、API、隔离及制品门；不自动豁免,https://avd.aquasec.com/nvd/cve-2026-78408
CVE-2026-78409,mount,2.38.1-5+deb12u3,,HIGH,/work/ditto-image.tar (debian 12.15),debian,sha256:03035637c5aabcb44caceb19f38a9dc6ad25b4bdfbd311e8a0e99710cf6dc4ef,组件存在于实际镜像；调用路径可利用性待逐项复核,按供应商修复/回补证据更新依赖或基础镜像，复跑 PIT、API、隔离及制品门；不自动豁免,https://avd.aquasec.com/nvd/cve-2026-78409
CVE-2026-78410,mount,2.38.1-5+deb12u3,,HIGH,/work/ditto-image.tar (debian 12.15),debian,sha256:03035637c5aabcb44caceb19f38a9dc6ad25b4bdfbd311e8a0e99710cf6dc4ef,组件存在于实际镜像；调用路径可利用性待逐项复核,按供应商修复/回补证据更新依赖或基础镜像，复跑 PIT、API、隔离及制品门；不自动豁免,https://avd.aquasec.com/nvd/cve-2026-78410
CVE-2025-69720,ncurses-base,6.4-4,,HIGH,/work/ditto-image.tar (debian 12.15),debian,sha256:03035637c5aabcb44caceb19f38a9dc6ad25b4bdfbd311e8a0e99710cf6dc4ef,组件存在于实际镜像；调用路径可利用性待逐项复核,按供应商修复/回补证据更新依赖或基础镜像，复跑 PIT、API、隔离及制品门；不自动豁免,https://avd.aquasec.com/nvd/cve-2025-69720
CVE-2025-69720,ncurses-bin,6.4-4,,HIGH,/work/ditto-image.tar (debian 12.15),debian,sha256:03035637c5aabcb44caceb19f38a9dc6ad25b4bdfbd311e8a0e99710cf6dc4ef,组件存在于实际镜像；调用路径可利用性待逐项复核,按供应商修复/回补证据更新依赖或基础镜像，复跑 PIT、API、隔离及制品门；不自动豁免,https://avd.aquasec.com/nvd/cve-2025-69720
CVE-2026-13221,perl-base,5.36.0-7+deb12u3,,CRITICAL,/work/ditto-image.tar (debian 12.15),debian,sha256:03035637c5aabcb44caceb19f38a9dc6ad25b4bdfbd311e8a0e99710cf6dc4ef,组件存在于实际镜像；调用路径可利用性待逐项复核,按供应商修复/回补证据更新依赖或基础镜像，复跑 PIT、API、隔离及制品门；不自动豁免,https://avd.aquasec.com/nvd/cve-2026-13221
CVE-2026-42496,perl-base,5.36.0-7+deb12u3,,CRITICAL,/work/ditto-image.tar (debian 12.15),debian,sha256:03035637c5aabcb44caceb19f38a9dc6ad25b4bdfbd311e8a0e99710cf6dc4ef,组件存在于实际镜像；调用路径可利用性待逐项复核,按供应商修复/回补证据更新依赖或基础镜像，复跑 PIT、API、隔离及制品门；不自动豁免,https://avd.aquasec.com/nvd/cve-2026-42496
CVE-2026-8376,perl-base,5.36.0-7+deb12u3,,CRITICAL,/work/ditto-image.tar (debian 12.15),debian,sha256:03035637c5aabcb44caceb19f38a9dc6ad25b4bdfbd311e8a0e99710cf6dc4ef,组件存在于实际镜像；调用路径可利用性待逐项复核,按供应商修复/回补证据更新依赖或基础镜像，复跑 PIT、API、隔离及制品门；不自动豁免,https://avd.aquasec.com/nvd/cve-2026-8376
CVE-2026-42497,perl-base,5.36.0-7+deb12u3,,HIGH,/work/ditto-image.tar (debian 12.15),debian,sha256:03035637c5aabcb44caceb19f38a9dc6ad25b4bdfbd311e8a0e99710cf6dc4ef,组件存在于实际镜像；调用路径可利用性待逐项复核,按供应商修复/回补证据更新依赖或基础镜像，复跑 PIT、API、隔离及制品门；不自动豁免,https://avd.aquasec.com/nvd/cve-2026-42497
CVE-2026-48962,perl-base,5.36.0-7+deb12u3,,HIGH,/work/ditto-image.tar (debian 12.15),debian,sha256:03035637c5aabcb44caceb19f38a9dc6ad25b4bdfbd311e8a0e99710cf6dc4ef,组件存在于实际镜像；调用路径可利用性待逐项复核,按供应商修复/回补证据更新依赖或基础镜像，复跑 PIT、API、隔离及制品门；不自动豁免,https://avd.aquasec.com/nvd/cve-2026-48962
CVE-2026-57432,perl-base,5.36.0-7+deb12u3,,HIGH,/work/ditto-image.tar (debian 12.15),debian,sha256:03035637c5aabcb44caceb19f38a9dc6ad25b4bdfbd311e8a0e99710cf6dc4ef,组件存在于实际镜像；调用路径可利用性待逐项复核,按供应商修复/回补证据更新依赖或基础镜像，复跑 PIT、API、隔离及制品门；不自动豁免,https://avd.aquasec.com/nvd/cve-2026-57432
CVE-2026-57433,perl-base,5.36.0-7+deb12u3,,HIGH,/work/ditto-image.tar (debian 12.15),debian,sha256:03035637c5aabcb44caceb19f38a9dc6ad25b4bdfbd311e8a0e99710cf6dc4ef,组件存在于实际镜像；调用路径可利用性待逐项复核,按供应商修复/回补证据更新依赖或基础镜像，复跑 PIT、API、隔离及制品门；不自动豁免,https://avd.aquasec.com/nvd/cve-2026-57433
CVE-2026-9538,perl-base,5.36.0-7+deb12u3,,HIGH,/work/ditto-image.tar (debian 12.15),debian,sha256:03035637c5aabcb44caceb19f38a9dc6ad25b4bdfbd311e8a0e99710cf6dc4ef,组件存在于实际镜像；调用路径可利用性待逐项复核,按供应商修复/回补证据更新依赖或基础镜像，复跑 PIT、API、隔离及制品门；不自动豁免,https://avd.aquasec.com/nvd/cve-2026-9538
CVE-2026-53613,util-linux,2.38.1-5+deb12u3,,HIGH,/work/ditto-image.tar (debian 12.15),debian,sha256:03035637c5aabcb44caceb19f38a9dc6ad25b4bdfbd311e8a0e99710cf6dc4ef,组件存在于实际镜像；调用路径可利用性待逐项复核,按供应商修复/回补证据更新依赖或基础镜像，复跑 PIT、API、隔离及制品门；不自动豁免,https://avd.aquasec.com/nvd/cve-2026-53613
CVE-2026-76642,util-linux,2.38.1-5+deb12u3,,HIGH,/work/ditto-image.tar (debian 12.15),debian,sha256:03035637c5aabcb44caceb19f38a9dc6ad25b4bdfbd311e8a0e99710cf6dc4ef,组件存在于实际镜像；调用路径可利用性待逐项复核,按供应商修复/回补证据更新依赖或基础镜像，复跑 PIT、API、隔离及制品门；不自动豁免,https://avd.aquasec.com/nvd/cve-2026-76642
CVE-2026-78408,util-linux,2.38.1-5+deb12u3,,HIGH,/work/ditto-image.tar (debian 12.15),debian,sha256:03035637c5aabcb44caceb19f38a9dc6ad25b4bdfbd311e8a0e99710cf6dc4ef,组件存在于实际镜像；调用路径可利用性待逐项复核,按供应商修复/回补证据更新依赖或基础镜像，复跑 PIT、API、隔离及制品门；不自动豁免,https://avd.aquasec.com/nvd/cve-2026-78408
CVE-2026-78409,util-linux,2.38.1-5+deb12u3,,HIGH,/work/ditto-image.tar (debian 12.15),debian,sha256:03035637c5aabcb44caceb19f38a9dc6ad25b4bdfbd311e8a0e99710cf6dc4ef,组件存在于实际镜像；调用路径可利用性待逐项复核,按供应商修复/回补证据更新依赖或基础镜像，复跑 PIT、API、隔离及制品门；不自动豁免,https://avd.aquasec.com/nvd/cve-2026-78409
CVE-2026-78410,util-linux,2.38.1-5+deb12u3,,HIGH,/work/ditto-image.tar (debian 12.15),debian,sha256:03035637c5aabcb44caceb19f38a9dc6ad25b4bdfbd311e8a0e99710cf6dc4ef,组件存在于实际镜像；调用路径可利用性待逐项复核,按供应商修复/回补证据更新依赖或基础镜像，复跑 PIT、API、隔离及制品门；不自动豁免,https://avd.aquasec.com/nvd/cve-2026-78410
CVE-2026-53613,util-linux-extra,2.38.1-5+deb12u3,,HIGH,/work/ditto-image.tar (debian 12.15),debian,sha256:03035637c5aabcb44caceb19f38a9dc6ad25b4bdfbd311e8a0e99710cf6dc4ef,组件存在于实际镜像；调用路径可利用性待逐项复核,按供应商修复/回补证据更新依赖或基础镜像，复跑 PIT、API、隔离及制品门；不自动豁免,https://avd.aquasec.com/nvd/cve-2026-53613
CVE-2026-76642,util-linux-extra,2.38.1-5+deb12u3,,HIGH,/work/ditto-image.tar (debian 12.15),debian,sha256:03035637c5aabcb44caceb19f38a9dc6ad25b4bdfbd311e8a0e99710cf6dc4ef,组件存在于实际镜像；调用路径可利用性待逐项复核,按供应商修复/回补证据更新依赖或基础镜像，复跑 PIT、API、隔离及制品门；不自动豁免,https://avd.aquasec.com/nvd/cve-2026-76642
CVE-2026-78408,util-linux-extra,2.38.1-5+deb12u3,,HIGH,/work/ditto-image.tar (debian 12.15),debian,sha256:03035637c5aabcb44caceb19f38a9dc6ad25b4bdfbd311e8a0e99710cf6dc4ef,组件存在于实际镜像；调用路径可利用性待逐项复核,按供应商修复/回补证据更新依赖或基础镜像，复跑 PIT、API、隔离及制品门；不自动豁免,https://avd.aquasec.com/nvd/cve-2026-78408
CVE-2026-78409,util-linux-extra,2.38.1-5+deb12u3,,HIGH,/work/ditto-image.tar (debian 12.15),debian,sha256:03035637c5aabcb44caceb19f38a9dc6ad25b4bdfbd311e8a0e99710cf6dc4ef,组件存在于实际镜像；调用路径可利用性待逐项复核,按供应商修复/回补证据更新依赖或基础镜像，复跑 PIT、API、隔离及制品门；不自动豁免,https://avd.aquasec.com/nvd/cve-2026-78409
CVE-2026-78410,util-linux-extra,2.38.1-5+deb12u3,,HIGH,/work/ditto-image.tar (debian 12.15),debian,sha256:03035637c5aabcb44caceb19f38a9dc6ad25b4bdfbd311e8a0e99710cf6dc4ef,组件存在于实际镜像；调用路径可利用性待逐项复核,按供应商修复/回补证据更新依赖或基础镜像，复跑 PIT、API、隔离及制品门；不自动豁免,https://avd.aquasec.com/nvd/cve-2026-78410
CVE-2023-45853,zlib1g,1:1.2.13.dfsg-1,,CRITICAL,/work/ditto-image.tar (debian 12.15),debian,sha256:03035637c5aabcb44caceb19f38a9dc6ad25b4bdfbd311e8a0e99710cf6dc4ef,组件存在于实际镜像；调用路径可利用性待逐项复核,按供应商修复/回补证据更新依赖或基础镜像，复跑 PIT、API、隔离及制品门；不自动豁免,https://avd.aquasec.com/nvd/cve-2023-45853
CVE-2026-44307,Mako,1.3.11,1.3.12,HIGH,Python,python-pkg,sha256:03035637c5aabcb44caceb19f38a9dc6ad25b4bdfbd311e8a0e99710cf6dc4ef,组件存在于实际镜像；调用路径可利用性待逐项复核,按供应商修复/回补证据更新依赖或基础镜像，复跑 PIT、API、隔离及制品门；不自动豁免,https://avd.aquasec.com/nvd/cve-2026-44307
CVE-2026-48526,PyJWT,2.12.1,2.13.0,HIGH,Python,python-pkg,sha256:03035637c5aabcb44caceb19f38a9dc6ad25b4bdfbd311e8a0e99710cf6dc4ef,组件存在于实际镜像；调用路径可利用性待逐项复核,按供应商修复/回补证据更新依赖或基础镜像，复跑 PIT、API、隔离及制品门；不自动豁免,https://avd.aquasec.com/nvd/cve-2026-48526
CVE-2026-69247,cryptography,47.0.0,50.0.0,HIGH,Python,python-pkg,sha256:03035637c5aabcb44caceb19f38a9dc6ad25b4bdfbd311e8a0e99710cf6dc4ef,组件存在于实际镜像；调用路径可利用性待逐项复核,按供应商修复/回补证据更新依赖或基础镜像，复跑 PIT、API、隔离及制品门；不自动豁免,https://avd.aquasec.com/nvd/cve-2026-69247
CVE-2026-69249,cryptography,47.0.0,49.0.0,HIGH,Python,python-pkg,sha256:03035637c5aabcb44caceb19f38a9dc6ad25b4bdfbd311e8a0e99710cf6dc4ef,组件存在于实际镜像；调用路径可利用性待逐项复核,按供应商修复/回补证据更新依赖或基础镜像，复跑 PIT、API、隔离及制品门；不自动豁免,https://avd.aquasec.com/nvd/cve-2026-69249
GHSA-537c-gmf6-5ccf,cryptography,47.0.0,48.0.1,HIGH,Python,python-pkg,sha256:03035637c5aabcb44caceb19f38a9dc6ad25b4bdfbd311e8a0e99710cf6dc4ef,组件存在于实际镜像；调用路径可利用性待逐项复核,按供应商修复/回补证据更新依赖或基础镜像，复跑 PIT、API、隔离及制品门；不自动豁免,https://github.com/advisories/GHSA-537c-gmf6-5ccf
CVE-2026-53539,python-multipart,0.0.27,0.0.30,HIGH,Python,python-pkg,sha256:03035637c5aabcb44caceb19f38a9dc6ad25b4bdfbd311e8a0e99710cf6dc4ef,组件存在于实际镜像；调用路径可利用性待逐项复核,按供应商修复/回补证据更新依赖或基础镜像，复跑 PIT、API、隔离及制品门；不自动豁免,https://avd.aquasec.com/nvd/cve-2026-53539
CVE-2026-48818,starlette,1.0.0,1.1.0,HIGH,Python,python-pkg,sha256:03035637c5aabcb44caceb19f38a9dc6ad25b4bdfbd311e8a0e99710cf6dc4ef,组件存在于实际镜像；调用路径可利用性待逐项复核,按供应商修复/回补证据更新依赖或基础镜像，复跑 PIT、API、隔离及制品门；不自动豁免,https://avd.aquasec.com/nvd/cve-2026-48818
CVE-2026-54283,starlette,1.0.0,1.3.1,HIGH,Python,python-pkg,sha256:03035637c5aabcb44caceb19f38a9dc6ad25b4bdfbd311e8a0e99710cf6dc4ef,组件存在于实际镜像；调用路径可利用性待逐项复核,按供应商修复/回补证据更新依赖或基础镜像，复跑 PIT、API、隔离及制品门；不自动豁免,https://avd.aquasec.com/nvd/cve-2026-54283
CVE-2026-44431,urllib3,2.6.3,2.7.0,HIGH,Python,python-pkg,sha256:03035637c5aabcb44caceb19f38a9dc6ad25b4bdfbd311e8a0e99710cf6dc4ef,组件存在于实际镜像；调用路径可利用性待逐项复核,按供应商修复/回补证据更新依赖或基础镜像，复跑 PIT、API、隔离及制品门；不自动豁免,https://avd.aquasec.com/nvd/cve-2026-44431
CVE-2026-44432,urllib3,2.6.3,2.7.0,HIGH,Python,python-pkg,sha256:03035637c5aabcb44caceb19f38a9dc6ad25b4bdfbd311e8a0e99710cf6dc4ef,组件存在于实际镜像；调用路径可利用性待逐项复核,按供应商修复/回补证据更新依赖或基础镜像，复跑 PIT、API、隔离及制品门；不自动豁免,https://avd.aquasec.com/nvd/cve-2026-44432
GHSA-36hh-v3qg-5jq4,pyo3,0.28.2,0.29.0,HIGH,opt/ditto/.pixi/envs/default/lib/python3.13/site-packages/_polars_runtime_32/_polars_runtime.abi3.so,rustbinary,sha256:03035637c5aabcb44caceb19f38a9dc6ad25b4bdfbd311e8a0e99710cf6dc4ef,组件存在于实际镜像；调用路径可利用性待逐项复核,按供应商修复/回补证据更新依赖或基础镜像，复跑 PIT、API、隔离及制品门；不自动豁免,https://github.com/advisories/GHSA-36hh-v3qg-5jq4
GHSA-4w2j-m93h-cj5j,quinn-proto,0.11.14,0.11.15,HIGH,opt/ditto/.pixi/envs/default/lib/python3.13/site-packages/_polars_runtime_32/_polars_runtime.abi3.so,rustbinary,sha256:03035637c5aabcb44caceb19f38a9dc6ad25b4bdfbd311e8a0e99710cf6dc4ef,组件存在于实际镜像；调用路径可利用性待逐项复核,按供应商修复/回补证据更新依赖或基础镜像，复跑 PIT、API、隔离及制品门；不自动豁免,https://github.com/advisories/GHSA-4w2j-m93h-cj5j
GHSA-82j2-j2ch-gfr8,rustls-webpki,0.103.9,"0.103.13, 0.104.0-alpha.7",HIGH,opt/ditto/.pixi/envs/default/lib/python3.13/site-packages/_polars_runtime_32/_polars_runtime.abi3.so,rustbinary,sha256:03035637c5aabcb44caceb19f38a9dc6ad25b4bdfbd311e8a0e99710cf6dc4ef,组件存在于实际镜像；调用路径可利用性待逐项复核,按供应商修复/回补证据更新依赖或基础镜像，复跑 PIT、API、隔离及制品门；不自动豁免,https://github.com/advisories/GHSA-82j2-j2ch-gfr8
