source,purpose,consumer_audit,reason,replacement,sha256,restore_commit
docs/plans/archive/2024-01-11-ingestion-service-refactor.md,archived implementation plan,no incoming path or basename references from retained tracked text; executable consumer and directory scan reviewed,ordinary archived execution instructions; current delivery governed by GitHub Issues and current source,docs/engineering/development-workflow.md,f9ead17962483dd0e4c2c0e636e98f5ddfc59fed3bfd75224e26d167785394df,83dead1a2d57536db370c0c9f679b7e4c7333f42
docs/plans/archive/2025-01-09-test-coverage-improvement.md,archived implementation plan,no incoming path or basename references from retained tracked text; executable consumer and directory scan reviewed,ordinary archived execution instructions; current delivery governed by GitHub Issues and current source,docs/engineering/development-workflow.md,2cb90bf9b8c2e38ff601e53341003d9d969b2a1d52d4cc715b89d4553b8a9796,83dead1a2d57536db370c0c9f679b7e4c7333f42
docs/plans/archive/2025-01-11-port-code-simplification.md,archived implementation plan,no incoming path or basename references from retained tracked text; executable consumer and directory scan reviewed,ordinary archived execution instructions; current delivery governed by GitHub Issues and current source,docs/engineering/development-workflow.md,6778ca9eec4b4687f20ba3548f367761c93bbc72cf46cad3a094900ccd61ebb7,83dead1a2d57536db370c0c9f679b7e4c7333f42
docs/plans/archive/2025-12-29-datahub-phase2-implementation.md,archived implementation plan,no incoming path or basename references from retained tracked text; executable consumer and directory scan reviewed,ordinary archived execution instructions; current delivery governed by GitHub Issues and current source,docs/engineering/development-workflow.md,ffb1e76ddba81db61800ea357d55ebfff05e397901fd90f10b59e2365532d300,83dead1a2d57536db370c0c9f679b7e4c7333f42
docs/plans/archive/2025-12-29-datahub-phase3-ingestion-enhancement.md,archived implementation plan,no incoming path or basename references from retained tracked text; executable consumer and directory scan reviewed,ordinary archived execution instructions; current delivery governed by GitHub Issues and current source,docs/engineering/development-workflow.md,c03bbf37a9761f739be923674e355eb863c845a8141fbad8fdd9edba6d9c1a35,83dead1a2d57536db370c0c9f679b7e4c7333f42
docs/plans/archive/2025-12-29-phase4-data-engine-server-enhancement.md,archived implementation plan,no incoming path or basename references from retained tracked text; executable consumer and directory scan reviewed,ordinary archived execution instructions; current delivery governed by GitHub Issues and current source,docs/engineering/development-workflow.md,1cdc346fa480042e8045b871cab24d21e1e76b8b825f976b68eb0af373c04f98,83dead1a2d57536db370c0c9f679b7e4c7333f42
docs/plans/archive/2025-12-30-dq-checkers-completion.md,archived implementation plan,no incoming path or basename references from retained tracked text; executable consumer and directory scan reviewed,ordinary archived execution instructions; current delivery governed by GitHub Issues and current source,docs/engineering/development-workflow.md,f4ac89fbf3a6b1b5bcc50eb44e0fda6baa5b7c7803b8b51df74883f1e003efd5,83dead1a2d57536db370c0c9f679b7e4c7333f42
docs/plans/archive/2025-12-30-ingestion-refactor.md,archived implementation plan,no incoming path or basename references from retained tracked text; executable consumer and directory scan reviewed,ordinary archived execution instructions; current delivery governed by GitHub Issues and current source,docs/engineering/development-workflow.md,465b30ed097829e7070246febd82b462ad4f38b41fa50c80e0c5c2f6567360a3,83dead1a2d57536db370c0c9f679b7e4c7333f42
docs/plans/archive/2026-01-03-test-refactor.md,archived implementation plan,no incoming path or basename references from retained tracked text; executable consumer and directory scan reviewed,ordinary archived execution instructions; current delivery governed by GitHub Issues and current source,docs/engineering/development-workflow.md,5d09d0e88cd68c0246716b8e1b03d2346f03761c6948ada4b7d857e9f0f21d9e,83dead1a2d57536db370c0c9f679b7e4c7333f42
docs/plans/archive/2026-01-04-ingestion-dq-fixes.md,archived implementation plan,no incoming path or basename references from retained tracked text; executable consumer and directory scan reviewed,ordinary archived execution instructions; current delivery governed by GitHub Issues and current source,docs/engineering/development-workflow.md,8f51871e0aeb7006314d85e8724971b46471a1d8a1058d85f566befc41020b17,83dead1a2d57536db370c0c9f679b7e4c7333f42
docs/plans/archive/2026-01-04-legacy-code-cleanup.md,archived implementation plan,no incoming path or basename references from retained tracked text; executable consumer and directory scan reviewed,ordinary archived execution instructions; current delivery governed by GitHub Issues and current source,docs/engineering/development-workflow.md,a5260df987a50b5e6e422b5345580ec65e7ab8f489ef1bd1a183efaa5a3322e2,83dead1a2d57536db370c0c9f679b7e4c7333f42
docs/plans/archive/2026-01-10-datahub-mock-caching.md,archived implementation plan,no incoming path or basename references from retained tracked text; executable consumer and directory scan reviewed,ordinary archived execution instructions; current delivery governed by GitHub Issues and current source,docs/engineering/development-workflow.md,34d7e3a3e85d342c3e76079644ec64141d2b19a964610a438ad281c189e8b09d,83dead1a2d57536db370c0c9f679b7e4c7333f42
docs/plans/archive/2026-01-10-test-issues-analysis.md,archived implementation plan,no incoming path or basename references from retained tracked text; executable consumer and directory scan reviewed,ordinary archived execution instructions; current delivery governed by GitHub Issues and current source,docs/engineering/development-workflow.md,a8660c4152bbc73e0b7167ce32b5abef7387ac86ccb7de537028b7bf10775e1f,83dead1a2d57536db370c0c9f679b7e4c7333f42
docs/plans/archive/2026-01-10-test-quality-optimization.md,archived implementation plan,no incoming path or basename references from retained tracked text; executable consumer and directory scan reviewed,ordinary archived execution instructions; current delivery governed by GitHub Issues and current source,docs/engineering/development-workflow.md,f1fea11a13fa9eac43fe0eb204dc9b924e067bf96754dd92b67f1f5e1ae7d186,83dead1a2d57536db370c0c9f679b7e4c7333f42
docs/plans/archive/2026-01-11-foundation-simplification.md,archived implementation plan,no incoming path or basename references from retained tracked text; executable consumer and directory scan reviewed,ordinary archived execution instructions; current delivery governed by GitHub Issues and current source,docs/engineering/development-workflow.md,6f79f20ccb11e79750d4a505816170617d53d09ed85c4e96004606f315160b4d,83dead1a2d57536db370c0c9f679b7e4c7333f42
docs/plans/archive/2026-01-13-type-check-optimization.md,archived implementation plan,no incoming path or basename references from retained tracked text; executable consumer and directory scan reviewed,ordinary archived execution instructions; current delivery governed by GitHub Issues and current source,docs/engineering/development-workflow.md,0b4316dfc3983f8501419921e3d7847dc4b150a4b45a49cc7eb863d46215df67,83dead1a2d57536db370c0c9f679b7e4c7333f42
docs/plans/archive/2026-01-14-parallel-test-improvement.md,archived implementation plan,no incoming path or basename references from retained tracked text; executable consumer and directory scan reviewed,ordinary archived execution instructions; current delivery governed by GitHub Issues and current source,docs/engineering/development-workflow.md,571708edce6c2c5cdce54d6b02ab50179244f8e0c79b1fc8fdee3c68e131615c,83dead1a2d57536db370c0c9f679b7e4c7333f42
docs/plans/archive/2026-01-14-port-circular-dependency-refactor.md,archived implementation plan,no incoming path or basename references from retained tracked text; executable consumer and directory scan reviewed,ordinary archived execution instructions; current delivery governed by GitHub Issues and current source,docs/engineering/development-workflow.md,04b40eae1fc230c943f3ce4495b5500f57c652dfea5bcbcacfdd0032d6dbf178,83dead1a2d57536db370c0c9f679b7e4c7333f42
docs/plans/archive/2026-01-14-pyright-cleanup.md,archived implementation plan,no incoming path or basename references from retained tracked text; executable consumer and directory scan reviewed,ordinary archived execution instructions; current delivery governed by GitHub Issues and current source,docs/engineering/development-workflow.md,202a2cc6aa8f5d873cca0ca2d476b6e38479b341582e3293a12440044a5dc3cb,83dead1a2d57536db370c0c9f679b7e4c7333f42
docs/plans/archive/2026-01-14-ruff-cleanup.md,archived implementation plan,no incoming path or basename references from retained tracked text; executable consumer and directory scan reviewed,ordinary archived execution instructions; current delivery governed by GitHub Issues and current source,docs/engineering/development-workflow.md,a5e76aba93942ecda3b107e980f82e1c0ed874fbe4aab97c5f486fae22618eee,83dead1a2d57536db370c0c9f679b7e4c7333f42
docs/plans/archive/2026-01-15-noqa-cleanup-plan.md,archived implementation plan,no incoming path or basename references from retained tracked text; executable consumer and directory scan reviewed,ordinary archived execution instructions; current delivery governed by GitHub Issues and current source,docs/engineering/development-workflow.md,00ee2349d11e589e8bf89567074412583ea482ebd8261c4de8bd721f959413fd,83dead1a2d57536db370c0c9f679b7e4c7333f42
docs/plans/archive/2026-01-16-comprehensive-quality-improvement.md,archived implementation plan,no incoming path or basename references from retained tracked text; executable consumer and directory scan reviewed,ordinary archived execution instructions; current delivery governed by GitHub Issues and current source,docs/engineering/development-workflow.md,573c25c40d9d2db88e29e1d1c366ff3f3ddffea032763f2cec8fade2acf1a765,83dead1a2d57536db370c0c9f679b7e4c7333f42
docs/plans/archive/2026-01-16-ruff-quality-cleanup.md,archived implementation plan,no incoming path or basename references from retained tracked text; executable consumer and directory scan reviewed,ordinary archived execution instructions; current delivery governed by GitHub Issues and current source,docs/engineering/development-workflow.md,2d59076d27f78440001634ad5bb4ebfc31444eb66a0e80a8a9faf4182d47a35d,83dead1a2d57536db370c0c9f679b7e4c7333f42
docs/plans/archive/2026-01-17-code-quality-cleanup.md,archived implementation plan,no incoming path or basename references from retained tracked text; executable consumer and directory scan reviewed,ordinary archived execution instructions; current delivery governed by GitHub Issues and current source,docs/engineering/development-workflow.md,51e107d8f01971d2d2ae301e9b5f6305bf5caadc06dc2304c4cf66971ae4b42f,83dead1a2d57536db370c0c9f679b7e4c7333f42
docs/plans/archive/2026-01-17-config-init-refactor.md,archived implementation plan,no incoming path or basename references from retained tracked text; executable consumer and directory scan reviewed,ordinary archived execution instructions; current delivery governed by GitHub Issues and current source,docs/engineering/development-workflow.md,2886b60b4cda840ff9a1a4ca6e642c85e512472f10a8e64012aca58e81afd85c,83dead1a2d57536db370c0c9f679b7e4c7333f42
docs/plans/archive/2026-01-18-repository-accessor-completion.md,archived implementation plan,no incoming path or basename references from retained tracked text; executable consumer and directory scan reviewed,ordinary archived execution instructions; current delivery governed by GitHub Issues and current source,docs/engineering/development-workflow.md,2c8be65aa7a904cea2bdb9438f8814131838e79b3f7e342f45cd107b2a094abc,83dead1a2d57536db370c0c9f679b7e4c7333f42
docs/plans/archive/2026-01-18-repository-accessor-refactor.md,archived implementation plan,no incoming path or basename references from retained tracked text; executable consumer and directory scan reviewed,ordinary archived execution instructions; current delivery governed by GitHub Issues and current source,docs/engineering/development-workflow.md,c99de9e6a453ff11c5c047bef12ebd9230279976afa674f9db7e1e2a0d29aca6,83dead1a2d57536db370c0c9f679b7e4c7333f42
docs/plans/archive/2026-01-19-cross-layer-dependency-fix.md,archived implementation plan,no incoming path or basename references from retained tracked text; executable consumer and directory scan reviewed,ordinary archived execution instructions; current delivery governed by GitHub Issues and current source,docs/engineering/development-workflow.md,7e7ca591c94f9a6a00eaef31a2789fcb8da9c311f5c5166c4d3bde1396d1b725,83dead1a2d57536db370c0c9f679b7e4c7333f42
docs/plans/archive/2026-01-19-environment-config-architecture-improvement.md,archived implementation plan,no incoming path or basename references from retained tracked text; executable consumer and directory scan reviewed,ordinary archived execution instructions; current delivery governed by GitHub Issues and current source,docs/engineering/development-workflow.md,c816bca1d023f5a1ba8648df7f41ca63f76044e0fd5c2690faabed04cbe7e1f0,83dead1a2d57536db370c0c9f679b7e4c7333f42
docs/plans/archive/2026-01-19-providers-to-sources-rename.md,archived implementation plan,no incoming path or basename references from retained tracked text; executable consumer and directory scan reviewed,ordinary archived execution instructions; current delivery governed by GitHub Issues and current source,docs/engineering/development-workflow.md,5a1c01478f66276571cef7bb97171f45980c16a6701436a619ee3abaf661faf7,83dead1a2d57536db370c0c9f679b7e4c7333f42
docs/plans/archive/2026-01-19-sources-to-providers-rename.md,archived implementation plan,no incoming path or basename references from retained tracked text; executable consumer and directory scan reviewed,ordinary archived execution instructions; current delivery governed by GitHub Issues and current source,docs/engineering/development-workflow.md,4c864474307e06b4acda3b29c4ba153c4fd79f9638edbb7b871b71da8bac1bff,83dead1a2d57536db370c0c9f679b7e4c7333f42
docs/plans/archive/2026-01-19-sqlite-test-fixture-fix.md,archived implementation plan,no incoming path or basename references from retained tracked text; executable consumer and directory scan reviewed,ordinary archived execution instructions; current delivery governed by GitHub Issues and current source,docs/engineering/development-workflow.md,f0078d05c0ce9b3d498d4c3c4af293235b73ab118eea8cdb0e5f274a4cd07e0b,83dead1a2d57536db370c0c9f679b7e4c7333f42
docs/plans/archive/2026-01-20-dq-migration.md,archived implementation plan,no incoming path or basename references from retained tracked text; executable consumer and directory scan reviewed,ordinary archived execution instructions; current delivery governed by GitHub Issues and current source,docs/engineering/development-workflow.md,b5a8cc0b5fdf77f5f8bcc050813b701ea0d85162fcff2cbb3070a8fd449ce9d8,83dead1a2d57536db370c0c9f679b7e4c7333f42
docs/plans/archive/2026-01-20-observability-tests-refactor.md,archived implementation plan,no incoming path or basename references from retained tracked text; executable consumer and directory scan reviewed,ordinary archived execution instructions; current delivery governed by GitHub Issues and current source,docs/engineering/development-workflow.md,c77281b3557be7538b7e39a1bb22212365054e1eab300ad7724196190b8ee422,83dead1a2d57536db370c0c9f679b7e4c7333f42
docs/plans/archive/2026-01-20-test-refactoring-implementation.md,archived implementation plan,no incoming path or basename references from retained tracked text; executable consumer and directory scan reviewed,ordinary archived execution instructions; current delivery governed by GitHub Issues and current source,docs/engineering/development-workflow.md,4ec5d89eff57bd930acfdc906cc1bab5bba517ea469d4390ea6b83e4eb9f7c09,83dead1a2d57536db370c0c9f679b7e4c7333f42
docs/plans/archive/2026-01-20-test-refactoring-plan.md,archived implementation plan,no incoming path or basename references from retained tracked text; executable consumer and directory scan reviewed,ordinary archived execution instructions; current delivery governed by GitHub Issues and current source,docs/engineering/development-workflow.md,0546a6543f88eac87725e3e490b447eca043c613fa5ad41a303510c4e7dcabd8,83dead1a2d57536db370c0c9f679b7e4c7333f42
docs/plans/archive/2026-01-20-test-standards-compliance-plan.md,archived implementation plan,no incoming path or basename references from retained tracked text; executable consumer and directory scan reviewed,ordinary archived execution instructions; current delivery governed by GitHub Issues and current source,docs/engineering/development-workflow.md,91be027209860fab06c42bbf1da09b1ab023122168d63fe022aa1c22eab51ad4,83dead1a2d57536db370c0c9f679b7e4c7333f42
docs/plans/archive/2026-01-21-dishka-migration-complete.md,archived implementation plan,no incoming path or basename references from retained tracked text; executable consumer and directory scan reviewed,ordinary archived execution instructions; current delivery governed by GitHub Issues and current source,docs/engineering/development-workflow.md,87eba41d0b89f33520f7a2bb690f929458476592480356b1930be46b29cc7b57,83dead1a2d57536db370c0c9f679b7e4c7333f42
docs/plans/archive/2026-01-21-test-efficiency-implementation.md,archived implementation plan,no incoming path or basename references from retained tracked text; executable consumer and directory scan reviewed,ordinary archived execution instructions; current delivery governed by GitHub Issues and current source,docs/engineering/development-workflow.md,6e04a014aa2910bda216a9d0da963ee8bd074da1b64485fd5ad7516ea3cb9c8e,83dead1a2d57536db370c0c9f679b7e4c7333f42
docs/plans/archive/2026-01-22-code-size-improvement.md,archived implementation plan,no incoming path or basename references from retained tracked text; executable consumer and directory scan reviewed,ordinary archived execution instructions; current delivery governed by GitHub Issues and current source,docs/engineering/development-workflow.md,393dad3bddc4ea706ce9c65f68ffaa6085a8365abb2f21463e3948cb070fe344,83dead1a2d57536db370c0c9f679b7e4c7333f42
docs/plans/archive/2026-01-22-exception-handling-and-config-fixes.md,archived implementation plan,no incoming path or basename references from retained tracked text; executable consumer and directory scan reviewed,ordinary archived execution instructions; current delivery governed by GitHub Issues and current source,docs/engineering/development-workflow.md,6cad04138e68d16f43ceaacdaf9f1a313e2e6c5950b09810e8854af45570f492,83dead1a2d57536db370c0c9f679b7e4c7333f42
docs/plans/archive/2026-01-22-exception-handling-implementation.md,archived implementation plan,no incoming path or basename references from retained tracked text; executable consumer and directory scan reviewed,ordinary archived execution instructions; current delivery governed by GitHub Issues and current source,docs/engineering/development-workflow.md,c14de5f3f786d4affe3c6ac0baca35af751afc2d4f1e583113659355725c07e8,83dead1a2d57536db370c0c9f679b7e4c7333f42
docs/plans/archive/2026-01-22-tushare-composition-pattern.md,archived implementation plan,no incoming path or basename references from retained tracked text; executable consumer and directory scan reviewed,ordinary archived execution instructions; current delivery governed by GitHub Issues and current source,docs/engineering/development-workflow.md,7954733bea0356b743c62baf5f79da306cc4c10393c4ae735e45504db9fdc0ac,83dead1a2d57536db370c0c9f679b7e4c7333f42
docs/plans/archive/2026-01-22-tushare-directory-refactor.md,archived implementation plan,no incoming path or basename references from retained tracked text; executable consumer and directory scan reviewed,ordinary archived execution instructions; current delivery governed by GitHub Issues and current source,docs/engineering/development-workflow.md,fa5e414f515de82d256214edba34eae75d47ae562d00d42ce91580e7ee3b3199,83dead1a2d57536db370c0c9f679b7e4c7333f42
docs/plans/archive/2026-01-23-accessors-refactoring-plan.md,archived implementation plan,no incoming path or basename references from retained tracked text; executable consumer and directory scan reviewed,ordinary archived execution instructions; current delivery governed by GitHub Issues and current source,docs/engineering/development-workflow.md,c763e16028ea85c6498dc370134ed9dd05f916810bd6e963f6f7817730df0d8d,83dead1a2d57536db370c0c9f679b7e4c7333f42
docs/plans/archive/2026-01-23-python-best-practices-improvement.md,archived implementation plan,no incoming path or basename references from retained tracked text; executable consumer and directory scan reviewed,ordinary archived execution instructions; current delivery governed by GitHub Issues and current source,docs/engineering/development-workflow.md,5f52640caa7668a420621a28d3067cd39191c0a1cd99346789a02b93e75d5e70,83dead1a2d57536db370c0c9f679b7e4c7333f42
docs/plans/archive/2026-01-25-quality-reconciliation-implementation.md,archived implementation plan,no incoming path or basename references from retained tracked text; executable consumer and directory scan reviewed,ordinary archived execution instructions; current delivery governed by GitHub Issues and current source,docs/engineering/development-workflow.md,bbfadcaad9652ff21777e3e34e874dbfdabea8b90c0eb32ea20da8817fe9d9f5,83dead1a2d57536db370c0c9f679b7e4c7333f42
docs/plans/archive/2026-01-27-datahub-phase9-port.md,archived implementation plan,no incoming path or basename references from retained tracked text; executable consumer and directory scan reviewed,ordinary archived execution instructions; current delivery governed by GitHub Issues and current source,docs/engineering/development-workflow.md,a84b77b1e64634e46892a3ef68fe34f193bcffa70242c0dee209fe452a3bdba3,83dead1a2d57536db370c0c9f679b7e4c7333f42
docs/plans/archive/2026-02-02-port-layer-refactor.md,archived implementation plan,no incoming path or basename references from retained tracked text; executable consumer and directory scan reviewed,ordinary archived execution instructions; current delivery governed by GitHub Issues and current source,docs/engineering/development-workflow.md,738a3518d889ac5eb3575211f6384f2f4673a93a98e91bbac7f27de4908535d8,83dead1a2d57536db370c0c9f679b7e4c7333f42
docs/plans/archive/2026-02-05-stores-cleanup-refactor-plan.md,archived implementation plan,no incoming path or basename references from retained tracked text; executable consumer and directory scan reviewed,ordinary archived execution instructions; current delivery governed by GitHub Issues and current source,docs/engineering/development-workflow.md,d824983df573cd20e8c1acf76204d3a22fbcfc73e637bf0836d8b9ca0005873c,83dead1a2d57536db370c0c9f679b7e4c7333f42
docs/plans/archive/2026-02-06-datahub-cleanup-refactor.md,archived implementation plan,no incoming path or basename references from retained tracked text; executable consumer and directory scan reviewed,ordinary archived execution instructions; current delivery governed by GitHub Issues and current source,docs/engineering/development-workflow.md,fd9f75cabf01d1a41a6dcd7f846b2b5a69988800795d5ff033d718fcbb3c50b1,83dead1a2d57536db370c0c9f679b7e4c7333f42
docs/plans/archive/2026-02-07-ditto-architecture-update-plan.md,archived implementation plan,no incoming path or basename references from retained tracked text; executable consumer and directory scan reviewed,ordinary archived execution instructions; current delivery governed by GitHub Issues and current source,docs/engineering/development-workflow.md,7677cce3dbbd061972bf85a69751644ee12b4cbccaf7a8ca1fd75f0500a9067a,83dead1a2d57536db370c0c9f679b7e4c7333f42
docs/plans/archive/2026-02-08-datahub-v2-refactoring.md,archived implementation plan,no incoming path or basename references from retained tracked text; executable consumer and directory scan reviewed,ordinary archived execution instructions; current delivery governed by GitHub Issues and current source,docs/engineering/development-workflow.md,bf055fd6bf1f4fdd6ff09df4fbf0aa66b15908e62d680674fc46cd1f83dee09a,83dead1a2d57536db370c0c9f679b7e4c7333f42
docs/plans/archive/2026-02-08-ditto-v5-next-refactor-plan.md,archived implementation plan,no incoming path or basename references from retained tracked text; executable consumer and directory scan reviewed,ordinary archived execution instructions; current delivery governed by GitHub Issues and current source,docs/engineering/development-workflow.md,7c0d49598e1981bc93f5b46e8adf8fb6cffb1b78d56a72fbd48a7258d31a6af0,83dead1a2d57536db370c0c9f679b7e4c7333f42
docs/plans/archive/2026-02-08-ditto-v5.md,archived implementation plan,no incoming path or basename references from retained tracked text; executable consumer and directory scan reviewed,ordinary archived execution instructions; current delivery governed by GitHub Issues and current source,docs/engineering/development-workflow.md,154610f5f300e124044c6ffdc92fdda1866c4674f0aca76969fa1e40204b07fb,83dead1a2d57536db370c0c9f679b7e4c7333f42
docs/plans/archive/2026-02-10-datahub-cqrs-cleanup-plan.md,archived implementation plan,no incoming path or basename references from retained tracked text; executable consumer and directory scan reviewed,ordinary archived execution instructions; current delivery governed by GitHub Issues and current source,docs/engineering/development-workflow.md,b0f65f0a3d60ff1da5c9b3cb6848a406c474f92a90df9f34ca521a53026b8bc9,83dead1a2d57536db370c0c9f679b7e4c7333f42
docs/plans/archive/2026-02-11-service-layer-refactor-plan.md,archived implementation plan,no incoming path or basename references from retained tracked text; executable consumer and directory scan reviewed,ordinary archived execution instructions; current delivery governed by GitHub Issues and current source,docs/engineering/development-workflow.md,fc1f4dd35af96791c4fa3d00f259efd1ab4cd6bb454dc66a2f4f02794b5899c5,83dead1a2d57536db370c0c9f679b7e4c7333f42
docs/plans/archive/2026-02-12-cli-domain-refactor-impl.md,archived implementation plan,no incoming path or basename references from retained tracked text; executable consumer and directory scan reviewed,ordinary archived execution instructions; current delivery governed by GitHub Issues and current source,docs/engineering/development-workflow.md,2d811b2f0bb43e200be8b9f3a048dd9c1b790d965a8859cb2128cf715b7feb93,83dead1a2d57536db370c0c9f679b7e4c7333f42
docs/plans/archive/2026-02-12-domain-terminology-refactor.md,archived implementation plan,no incoming path or basename references from retained tracked text; executable consumer and directory scan reviewed,ordinary archived execution instructions; current delivery governed by GitHub Issues and current source,docs/engineering/development-workflow.md,0d83e3d48382a4a397ea9456649ee4480a7a41e9763bfccb48ac572cce3dd6cc,83dead1a2d57536db370c0c9f679b7e4c7333f42
docs/plans/archive/2026-02-12-ingestion-coverage-impl.md,archived implementation plan,no incoming path or basename references from retained tracked text; executable consumer and directory scan reviewed,ordinary archived execution instructions; current delivery governed by GitHub Issues and current source,docs/engineering/development-workflow.md,ffbbd96ee039b5fbc3eb96ccc6a1cafdcc41907ac8c17129baa6802cdd998905,83dead1a2d57536db370c0c9f679b7e4c7333f42
docs/plans/archive/2026-02-12-port-architecture-fix-impl.md,archived implementation plan,no incoming path or basename references from retained tracked text; executable consumer and directory scan reviewed,ordinary archived execution instructions; current delivery governed by GitHub Issues and current source,docs/engineering/development-workflow.md,d292c5efb7928ef74afa092263c3de5a320046f0f18314a202c02efb37435829,83dead1a2d57536db370c0c9f679b7e4c7333f42
docs/plans/archive/2026-02-13-quality-fix-impl.md,archived implementation plan,no incoming path or basename references from retained tracked text; executable consumer and directory scan reviewed,ordinary archived execution instructions; current delivery governed by GitHub Issues and current source,docs/engineering/development-workflow.md,81609d9ff988fdbbf91b26ea4acab401ca6daae1830f3b61e44a00cb50d57f4a,83dead1a2d57536db370c0c9f679b7e4c7333f42
docs/plans/archive/2026-02-17-golden-dataset-implementation.md,archived implementation plan,no incoming path or basename references from retained tracked text; executable consumer and directory scan reviewed,ordinary archived execution instructions; current delivery governed by GitHub Issues and current source,docs/engineering/development-workflow.md,d73162d70f272bcf28f2a127a26b9c88d481c8cf7b6ceb31e036e2674d4bc090,83dead1a2d57536db370c0c9f679b7e4c7333f42
docs/plans/archive/2026-02-18-docker-deployment-plan.md,archived implementation plan,no incoming path or basename references from retained tracked text; executable consumer and directory scan reviewed,ordinary archived execution instructions; current delivery governed by GitHub Issues and current source,docs/engineering/development-workflow.md,b2143532592e0086f80e3bc27b21b3f05ff5aa1e836b27bd8406f5595c06ee08,83dead1a2d57536db370c0c9f679b7e4c7333f42
docs/plans/archive/2026-02-19-ticker-ingestion-impl.md,archived implementation plan,no incoming path or basename references from retained tracked text; executable consumer and directory scan reviewed,ordinary archived execution instructions; current delivery governed by GitHub Issues and current source,docs/engineering/development-workflow.md,41ee79e8380add03df131b460275088180fa2883fe0100eb174a4da51caff044,83dead1a2d57536db370c0c9f679b7e4c7333f42
docs/plans/archive/2026-02-20-identifier-layer-impl-plan.md,archived implementation plan,no incoming path or basename references from retained tracked text; executable consumer and directory scan reviewed,ordinary archived execution instructions; current delivery governed by GitHub Issues and current source,docs/engineering/development-workflow.md,6524ec0fd4c5921406d5be65054794331383b7c415db91f362195aa30c23e5c0,83dead1a2d57536db370c0c9f679b7e4c7333f42
docs/plans/archive/2026-02-23-multi-domain-refactor-plan.md,archived implementation plan,no incoming path or basename references from retained tracked text; executable consumer and directory scan reviewed,ordinary archived execution instructions; current delivery governed by GitHub Issues and current source,docs/engineering/development-workflow.md,f39fe32408d03f9cef91a5b861bcc0073cd510997765bc2eaecac53b56a04d99,83dead1a2d57536db370c0c9f679b7e4c7333f42
docs/plans/archive/2026-02-25-macro-data-implementation.md,archived implementation plan,no incoming path or basename references from retained tracked text; executable consumer and directory scan reviewed,ordinary archived execution instructions; current delivery governed by GitHub Issues and current source,docs/engineering/development-workflow.md,76cd1ba7a97d4603985f545be2280c767a18d79aa1a1118e7c61ff2097830e95,83dead1a2d57536db370c0c9f679b7e4c7333f42
docs/plans/archive/2026-02-27-fx-commodity-prefect-fastapi.md,archived implementation plan,no incoming path or basename references from retained tracked text; executable consumer and directory scan reviewed,ordinary archived execution instructions; current delivery governed by GitHub Issues and current source,docs/engineering/development-workflow.md,98235beda68f27ff3e6e941db02a2cdfca0338f101b03303098d044e2856fa67,83dead1a2d57536db370c0c9f679b7e4c7333f42
docs/plans/archive/2026-02-27-market-macro-related-impl.md,archived implementation plan,no incoming path or basename references from retained tracked text; executable consumer and directory scan reviewed,ordinary archived execution instructions; current delivery governed by GitHub Issues and current source,docs/engineering/development-workflow.md,3d48522f8636c2131f591d862cb8e8246a8948e564325281ecefeb3a10a7a9de,83dead1a2d57536db370c0c9f679b7e4c7333f42
docs/plans/archive/2026-02-28-bond-yield-and-dollar-index.md,archived implementation plan,no incoming path or basename references from retained tracked text; executable consumer and directory scan reviewed,ordinary archived execution instructions; current delivery governed by GitHub Issues and current source,docs/engineering/development-workflow.md,d800945ee04a08cbde297d09667d235b70d8bdc18eecd4e2b20b9dbc9c613db6,83dead1a2d57536db370c0c9f679b7e4c7333f42
docs/plans/archive/2026-02-28-fx-commodity-bond-yield-fix-impl.md,archived implementation plan,no incoming path or basename references from retained tracked text; executable consumer and directory scan reviewed,ordinary archived execution instructions; current delivery governed by GitHub Issues and current source,docs/engineering/development-workflow.md,36a455e4b219accfab746cb517fed24014db70c8e2202c44573a1a738dda0eef,83dead1a2d57536db370c0c9f679b7e4c7333f42
docs/plans/archive/2026-03-06-dependency-upgrade-plan.md,archived implementation plan,no incoming path or basename references from retained tracked text; executable consumer and directory scan reviewed,ordinary archived execution instructions; current delivery governed by GitHub Issues and current source,docs/engineering/development-workflow.md,7f47ba42b176b1071a9be8064c62fec264b6e4d628dac0b3c9f69dcbedb9d478,83dead1a2d57536db370c0c9f679b7e4c7333f42
docs/plans/archive/2026-03-13-expression-pratt-adr-alignment.md,archived implementation plan,no incoming path or basename references from retained tracked text; executable consumer and directory scan reviewed,ordinary archived execution instructions; current delivery governed by GitHub Issues and current source,docs/engineering/development-workflow.md,01e516a5081e5c0ecd51bd802dcce820da476418ffde2eab49609672a6d9bc91,83dead1a2d57536db370c0c9f679b7e4c7333f42
docs/plans/archive/2026-03-14-unified-feature-factor-engine-next-stage-implementation-plan.md,archived implementation plan,no incoming path or basename references from retained tracked text; executable consumer and directory scan reviewed,ordinary archived execution instructions; current delivery governed by GitHub Issues and current source,docs/engineering/development-workflow.md,e950e197f054dd6671a67fbabff59da2c9b54684e6c8605dd09745c3a1ca7f0a,83dead1a2d57536db370c0c9f679b7e4c7333f42
docs/plans/archive/2026-03-16-unified-feature-factor-engine-technical-debt-remediation-plan.md,archived implementation plan,no incoming path or basename references from retained tracked text; executable consumer and directory scan reviewed,ordinary archived execution instructions; current delivery governed by GitHub Issues and current source,docs/engineering/development-workflow.md,fcf148eb626030ea02e2f8dc35ece4dee6a14862ee99f9ee1e7326df819b119c,83dead1a2d57536db370c0c9f679b7e4c7333f42
docs/plans/archive/2026-03-17-unified-feature-factor-engine-debt-closure-plan.md,archived implementation plan,no incoming path or basename references from retained tracked text; executable consumer and directory scan reviewed,ordinary archived execution instructions; current delivery governed by GitHub Issues and current source,docs/engineering/development-workflow.md,67fd1cf4100f408e76fe453d78e6287cac8f70388222da1c046c8ddcdf8280a3,83dead1a2d57536db370c0c9f679b7e4c7333f42
docs/plans/archive/2026-03-18-layer5-metadata-completeness-plan.md,archived implementation plan,no incoming path or basename references from retained tracked text; executable consumer and directory scan reviewed,ordinary archived execution instructions; current delivery governed by GitHub Issues and current source,docs/engineering/development-workflow.md,5df1e870e575b1172c41d3759bdfdfcdfaa17f4abb3b9c77288defe0bf9e9464,83dead1a2d57536db370c0c9f679b7e4c7333f42
docs/plans/archive/2026-03-18-unified-feature-factor-engine-doc-convergence-plan.md,archived implementation plan,no incoming path or basename references from retained tracked text; executable consumer and directory scan reviewed,ordinary archived execution instructions; current delivery governed by GitHub Issues and current source,docs/engineering/development-workflow.md,15b44f703f83ee3ea1a827f7e805b5c054693663edda0795a0268f430335d6d7,83dead1a2d57536db370c0c9f679b7e4c7333f42
docs/plans/archive/2026-03-19-layer1-data-ingestion-implementation.md,archived implementation plan,no incoming path or basename references from retained tracked text; executable consumer and directory scan reviewed,ordinary archived execution instructions; current delivery governed by GitHub Issues and current source,docs/engineering/development-workflow.md,c3c8a39f9628dc1645253ad035af40b317ee67faf2130fa98a2ec1a82a40023e,83dead1a2d57536db370c0c9f679b7e4c7333f42
docs/plans/archive/2026-03-19-layer2-factor-expression-engine.md,archived implementation plan,no incoming path or basename references from retained tracked text; executable consumer and directory scan reviewed,ordinary archived execution instructions; current delivery governed by GitHub Issues and current source,docs/engineering/development-workflow.md,748c35d92fcbc31cc817797e05eda7876e8331a94761f813102fabf9511a76df,83dead1a2d57536db370c0c9f679b7e4c7333f42
docs/plans/archive/2026-03-19-layer3-materialization-storage-query.md,archived implementation plan,no incoming path or basename references from retained tracked text; executable consumer and directory scan reviewed,ordinary archived execution instructions; current delivery governed by GitHub Issues and current source,docs/engineering/development-workflow.md,acaccdea3da55adcb813753dde3b95b611909d8ac50585d12776d54c6f314071,83dead1a2d57536db370c0c9f679b7e4c7333f42
docs/plans/archive/2026-03-22-strategy-engine-phase4-5-sprint.md,archived implementation plan,no incoming path or basename references from retained tracked text; executable consumer and directory scan reviewed,ordinary archived execution instructions; current delivery governed by GitHub Issues and current source,docs/engineering/development-workflow.md,f1beb6ef480868b84a726cb2aee1f1e772430fddbf674be4b9c7a9c4a065ccdb,83dead1a2d57536db370c0c9f679b7e4c7333f42
docs/plans/archive/2026-03-24-strategy-cli-entrypoint-implementation-plan.md,archived implementation plan,no incoming path or basename references from retained tracked text; executable consumer and directory scan reviewed,ordinary archived execution instructions; current delivery governed by GitHub Issues and current source,docs/engineering/development-workflow.md,cade50cb1b09c64bd5ab7d95a2087ae7601dc4d7013f8a3dfdda1e8ace9a5cf3,83dead1a2d57536db370c0c9f679b7e4c7333f42
docs/plans/archive/2026-03-25-identifier-resolver-semantic-unification.md,archived implementation plan,no incoming path or basename references from retained tracked text; executable consumer and directory scan reviewed,ordinary archived execution instructions; current delivery governed by GitHub Issues and current source,docs/engineering/development-workflow.md,26d194e62d9744722eebb52e77330917c6250d855321082d1ce352de8db29acf,83dead1a2d57536db370c0c9f679b7e4c7333f42
docs/plans/archive/2026-03-25-instrument-id-unification-fix-plan.md,archived implementation plan,no incoming path or basename references from retained tracked text; executable consumer and directory scan reviewed,ordinary archived execution instructions; current delivery governed by GitHub Issues and current source,docs/engineering/development-workflow.md,f33f7de1c79d4ca833477c15be2464ffff16565f3365744c90d7f178278ffe58,83dead1a2d57536db370c0c9f679b7e4c7333f42
docs/plans/archive/2026-03-31-phase2-engine-plane-implementation.md,archived implementation plan,no incoming path or basename references from retained tracked text; executable consumer and directory scan reviewed,ordinary archived execution instructions; current delivery governed by GitHub Issues and current source,docs/engineering/development-workflow.md,6e0af2614512b51b917579730cb3dc170b728bc9e35770cde0bd8a1a6ba4d39a,83dead1a2d57536db370c0c9f679b7e4c7333f42
docs/plans/archive/2026-04-02-hybrid-plane-v2-cleanup-plan.md,archived implementation plan,no incoming path or basename references from retained tracked text; executable consumer and directory scan reviewed,ordinary archived execution instructions; current delivery governed by GitHub Issues and current source,docs/engineering/development-workflow.md,f21af55e81a2e6ad7020a9347beb52b5a49d4686e16b513a1441d61a031cce24,83dead1a2d57536db370c0c9f679b7e4c7333f42
docs/plans/archive/2026-04-02-hybrid-plane-v2-phase2-migration-plan.md,archived implementation plan,no incoming path or basename references from retained tracked text; executable consumer and directory scan reviewed,ordinary archived execution instructions; current delivery governed by GitHub Issues and current source,docs/engineering/development-workflow.md,07ace4e76be5b9220b459bc1894127e3e6d87774f58e0e5d8831025317205fd0,83dead1a2d57536db370c0c9f679b7e4c7333f42
docs/plans/archive/2026-04-03-hybrid-plane-v2-completion-plan.md,archived implementation plan,no incoming path or basename references from retained tracked text; executable consumer and directory scan reviewed,ordinary archived execution instructions; current delivery governed by GitHub Issues and current source,docs/engineering/development-workflow.md,d224530bed079729da1f655fb0a1b1563a98a76cfef8447830aa78730751535e,83dead1a2d57536db370c0c9f679b7e4c7333f42
docs/plans/archive/2026-04-04-documentation-full-update-plan.md,archived implementation plan,no incoming path or basename references from retained tracked text; executable consumer and directory scan reviewed,ordinary archived execution instructions; current delivery governed by GitHub Issues and current source,docs/engineering/development-workflow.md,7275a04224ab641d5bdbf378adaa6411926751776924c2c001c2952a0d9c5f39,83dead1a2d57536db370c0c9f679b7e4c7333f42
docs/plans/archive/2026-04-04-hybrid-plane-v2-tail-work-plan.md,archived implementation plan,no incoming path or basename references from retained tracked text; executable consumer and directory scan reviewed,ordinary archived execution instructions; current delivery governed by GitHub Issues and current source,docs/engineering/development-workflow.md,2d9754365fe60cd0df8c399b299faa7919663beee839cdee7aa16b8f15f8c39f,83dead1a2d57536db370c0c9f679b7e4c7333f42
docs/plans/archive/2026-04-06-deprecated-compat-cleanup-implementation.md,archived implementation plan,no incoming path or basename references from retained tracked text; executable consumer and directory scan reviewed,ordinary archived execution instructions; current delivery governed by GitHub Issues and current source,docs/engineering/development-workflow.md,7278058475650594cacf5fdb8a780514c32b9a28d7bed2ffb4bf7c3efab73976,83dead1a2d57536db370c0c9f679b7e4c7333f42
docs/plans/archive/2026-04-07-architecture-evolution-phase-a-implementation-plan.md,archived implementation plan,no incoming path or basename references from retained tracked text; executable consumer and directory scan reviewed,ordinary archived execution instructions; current delivery governed by GitHub Issues and current source,docs/engineering/development-workflow.md,22d785665c2b72644cce6993b1ef5917b5076856a484bec6d12765898a2a4945,83dead1a2d57536db370c0c9f679b7e4c7333f42
docs/plans/archive/2026-04-08-compat-code-cleanup-plan.md,archived implementation plan,no incoming path or basename references from retained tracked text; executable consumer and directory scan reviewed,ordinary archived execution instructions; current delivery governed by GitHub Issues and current source,docs/engineering/development-workflow.md,78f54ed930bf6f47ab9bb6f5983566da70d514a81c6b5d4f9cb50f35d518f931,83dead1a2d57536db370c0c9f679b7e4c7333f42
docs/plans/archive/2026-04-08-quality-check-bypass-cleanup.md,archived implementation plan,no incoming path or basename references from retained tracked text; executable consumer and directory scan reviewed,ordinary archived execution instructions; current delivery governed by GitHub Issues and current source,docs/engineering/development-workflow.md,a5f470de7859bd4fc0e02609e2eff54b094080f45edd59c3bca6275e15009ecd,83dead1a2d57536db370c0c9f679b7e4c7333f42
docs/plans/archive/2026-04-10-command-process-dep-fix.md,archived implementation plan,no incoming path or basename references from retained tracked text; executable consumer and directory scan reviewed,ordinary archived execution instructions; current delivery governed by GitHub Issues and current source,docs/engineering/development-workflow.md,70079503db581ef8b061dcf4b283a1b6d19cadaaffc42c37c0c881500ec33392,83dead1a2d57536db370c0c9f679b7e4c7333f42
docs/plans/archive/2026-04-11-v1-sprint-fixes.md,archived implementation plan,no incoming path or basename references from retained tracked text; executable consumer and directory scan reviewed,ordinary archived execution instructions; current delivery governed by GitHub Issues and current source,docs/engineering/development-workflow.md,a82097a7550fed3cd9e906653017377f2c9c5ab8829ef9dc731c54ab412ed668,83dead1a2d57536db370c0c9f679b7e4c7333f42
docs/plans/archive/2026-04-12-v1-enhancement-fix-plan.md,archived implementation plan,no incoming path or basename references from retained tracked text; executable consumer and directory scan reviewed,ordinary archived execution instructions; current delivery governed by GitHub Issues and current source,docs/engineering/development-workflow.md,712653ec3c686fcefc6903dd1e93ce45963676c73bdd0b7f9ab7b78ed4429c8a,83dead1a2d57536db370c0c9f679b7e4c7333f42
docs/plans/archive/2026-04-13-v1-sprint-final-fix-plan.md,archived implementation plan,no incoming path or basename references from retained tracked text; executable consumer and directory scan reviewed,ordinary archived execution instructions; current delivery governed by GitHub Issues and current source,docs/engineering/development-workflow.md,2ca8692cb8a4aa9409d58141a65f1076f4cd15fe18a1d805d68763e63be89b9b,83dead1a2d57536db370c0c9f679b7e4c7333f42
docs/plans/archive/2026-05-02-capability-package-architecture-completion-plan.md,archived implementation plan,no incoming path or basename references from retained tracked text; executable consumer and directory scan reviewed,ordinary archived execution instructions; current delivery governed by GitHub Issues and current source,docs/engineering/development-workflow.md,bce46ea7ec736f72e4edac87df7556520c42594c011393b6c6f94ae800768642,83dead1a2d57536db370c0c9f679b7e4c7333f42
docs/plans/archive/2026-05-03-capability-architecture-polish.md,archived implementation plan,no incoming path or basename references from retained tracked text; executable consumer and directory scan reviewed,ordinary archived execution instructions; current delivery governed by GitHub Issues and current source,docs/engineering/development-workflow.md,eb068f299c50dbaa2917bbc66fb62e7d20f5194a71b835da3330b0e60761cc5d,83dead1a2d57536db370c0c9f679b7e4c7333f42
docs/plans/archive/2026-05-04-capability-architecture-100-point-remediation-plan.md,archived implementation plan,no incoming path or basename references from retained tracked text; executable consumer and directory scan reviewed,ordinary archived execution instructions; current delivery governed by GitHub Issues and current source,docs/engineering/development-workflow.md,e3797ffd1629a31f812c9944f4a9e13988782b9f5009c5c14e8c558630dfe4c6,83dead1a2d57536db370c0c9f679b7e4c7333f42
docs/plans/archive/2026-05-04-capability-architecture-final-completion-plan.md,archived implementation plan,no incoming path or basename references from retained tracked text; executable consumer and directory scan reviewed,ordinary archived execution instructions; current delivery governed by GitHub Issues and current source,docs/engineering/development-workflow.md,604afe1dddf82d9a617149b0a64e2b3134155d00e6f3290470b0b4e9d7550279,83dead1a2d57536db370c0c9f679b7e4c7333f42
docs/plans/archive/2026-05-04-capability-architecture-quality-remediation.md,archived implementation plan,no incoming path or basename references from retained tracked text; executable consumer and directory scan reviewed,ordinary archived execution instructions; current delivery governed by GitHub Issues and current source,docs/engineering/development-workflow.md,ddca04e102c9015ccb2b4f5beca927900090ac422f305981b394379f8d12a06e,83dead1a2d57536db370c0c9f679b7e4c7333f42
docs/plans/archive/2026-05-04-capability-architecture-semantic-polish-plan.md,archived implementation plan,no incoming path or basename references from retained tracked text; executable consumer and directory scan reviewed,ordinary archived execution instructions; current delivery governed by GitHub Issues and current source,docs/engineering/development-workflow.md,d977c2119d50016ed74166efc661e22df014a2bb43454027b15a06bf79e533ac,83dead1a2d57536db370c0c9f679b7e4c7333f42
docs/plans/archive/2026-05-04-capability-architecture-zero-reexport-debt-plan.md,archived implementation plan,no incoming path or basename references from retained tracked text; executable consumer and directory scan reviewed,ordinary archived execution instructions; current delivery governed by GitHub Issues and current source,docs/engineering/development-workflow.md,299a0be4fd42d2d7f4677b107dd2099540473890e11bf4109453a41ec994a91c,83dead1a2d57536db370c0c9f679b7e4c7333f42
docs/plans/archive/2026-05-05-capability-architecture-governance-depth-plan.md,archived implementation plan,no incoming path or basename references from retained tracked text; executable consumer and directory scan reviewed,ordinary archived execution instructions; current delivery governed by GitHub Issues and current source,docs/engineering/development-workflow.md,1c9e696c0947210e25b57b87161c247b5374569f556a6322592cb8e96b061876,83dead1a2d57536db370c0c9f679b7e4c7333f42
docs/plans/archive/2026-05-10-deferred-code-tasks-plan.md,archived implementation plan,no incoming path or basename references from retained tracked text; executable consumer and directory scan reviewed,ordinary archived execution instructions; current delivery governed by GitHub Issues and current source,docs/engineering/development-workflow.md,8f9bc8b660fc5db8a9f55a728d3cdf9d9c04ea670b5103720ec45bee22ed34c8,83dead1a2d57536db370c0c9f679b7e4c7333f42
docs/plans/archive/2026-05-10-remediation-followup-plan.md,archived implementation plan,no incoming path or basename references from retained tracked text; executable consumer and directory scan reviewed,ordinary archived execution instructions; current delivery governed by GitHub Issues and current source,docs/engineering/development-workflow.md,a0a3a5dd3d2e14e91d757ef5b8bc7252b237c11e3f897f2ed41f90495e97b839,83dead1a2d57536db370c0c9f679b7e4c7333f42
docs/plans/archive/foundation-config-cleanup.md,archived implementation plan,no incoming path or basename references from retained tracked text; executable consumer and directory scan reviewed,ordinary archived execution instructions; current delivery governed by GitHub Issues and current source,docs/engineering/development-workflow.md,2387b1e92100d1a406507d036ee28dbbd04fd0b19ef32db152e81049a1608de9,83dead1a2d57536db370c0c9f679b7e4c7333f42
docs/plans/archive/temp-dir-to-tmp-path-migration.md,archived implementation plan,no incoming path or basename references from retained tracked text; executable consumer and directory scan reviewed,ordinary archived execution instructions; current delivery governed by GitHub Issues and current source,docs/engineering/development-workflow.md,babab2f5910b340f4388849780fe29d7b10d87915629b52b30112a3458e6f74a,83dead1a2d57536db370c0c9f679b7e4c7333f42
scripts/verify-all-2025.sh,obsolete executable verifier,only historical verification-plan-2025 and directory-structure-cleanup-design references; no Task/CI/source/test consumer,obsolete Pixi/ditto_port and destructive real-data reset; never executed,Taskfile.yml,0204a79d414c1c22fe66f106fe7e5acaba0821c410db48d3f5dc9bfa0479030c,83dead1a2d57536db370c0c9f679b7e4c7333f42
