source,destination,purpose,consumers,reason,before_sha256,after_sha256,restore_commit
apps/web/docs/contracts/README.md,apps/web/contracts/README.md,contract guide/input,apps/web/AGENTS.md; apps/web/scripts/prototype-design-consistency.test.ts,relocate to owner; preserve bytes,ae2635e951cbe445c6f77bb25df161fe940308afa0e7905191c8d15220269bd1,ae2635e951cbe445c6f77bb25df161fe940308afa0e7905191c8d15220269bd1,1d4fa7af0414269492a1388d85876cb186fcfc8d
apps/web/docs/contracts/pages/a-shares.contract.json,apps/web/contracts/pages/a-shares.contract.json,page contract input,apps/web/scripts/page-contract/generate.mjs; apps/web/scripts/prototype-design-consistency.test.ts,relocate to owner; update path references only,caa70f4d798f0fc217f443e4f45c61d66e2ca2bc05ffdb66de7196f55c769806,2ae82e5e03c99a20db0cd5290f91226cd7ca50c2c689d3121497c513197ad603,1d4fa7af0414269492a1388d85876cb186fcfc8d
apps/web/docs/contracts/pages/agent-approvals.contract.json,apps/web/contracts/pages/agent-approvals.contract.json,page contract input,apps/web/scripts/page-contract/generate.mjs; apps/web/scripts/prototype-design-consistency.test.ts,relocate to owner; update path references only,b5151098ce7405926a30b7149df21193ed68c3baa242461c579a95a76845ba4c,e8f40ac7f16a4204d50c9081426e1f08e7792481623580963604c2c5adeaad82,1d4fa7af0414269492a1388d85876cb186fcfc8d
apps/web/docs/contracts/pages/backtest-list.contract.json,apps/web/contracts/pages/backtest-list.contract.json,page contract input,apps/web/scripts/page-contract/generate.mjs; apps/web/scripts/prototype-design-consistency.test.ts,relocate to owner; update path references only,2115b52138bf277e53a042a8eda8fea780abda3b2c70beda26384d89132d5770,f22c99addf40bd821254c47f255982f71c7289fed431e8f2af27ca7ca6d7cd21,1d4fa7af0414269492a1388d85876cb186fcfc8d
apps/web/docs/contracts/pages/backtest-result.contract.json,apps/web/contracts/pages/backtest-result.contract.json,page contract input,apps/web/scripts/page-contract/generate.mjs; apps/web/scripts/prototype-design-consistency.test.ts,relocate to owner; update path references only,399f5a284b1bd6309b268c03bf05dfec717d84ea9b8b2b50affafd04dd16b7fe,ab46f78cc7fc919a1371e4a3d2a8680bc99459374d1167343818748b2c769c2b,1d4fa7af0414269492a1388d85876cb186fcfc8d
apps/web/docs/contracts/pages/cross-market.contract.json,apps/web/contracts/pages/cross-market.contract.json,page contract input,apps/web/scripts/page-contract/generate.mjs; apps/web/scripts/prototype-design-consistency.test.ts,relocate to owner; update path references only,6c5d2699060de843879446ac62f561f45c2066f19202bfd1464c28512fbe6008,3994438ed47311a4d039f8f22db2c75d12905db118da33d3c23ed59038148c7f,1d4fa7af0414269492a1388d85876cb186fcfc8d
apps/web/docs/contracts/pages/experiment-create.contract.json,apps/web/contracts/pages/experiment-create.contract.json,page contract input,apps/web/scripts/page-contract/generate.mjs; apps/web/scripts/prototype-design-consistency.test.ts,relocate to owner; update path references only,34deca2d7388be48db19b3e3aa97a56a8031d71753ac57659728c399ddbf6a43,8e7af97b1e200b07b4820c76ce4da88fb14bf69593b633fd96c1d770531822e9,1d4fa7af0414269492a1388d85876cb186fcfc8d
apps/web/docs/contracts/pages/experiment-detail.contract.json,apps/web/contracts/pages/experiment-detail.contract.json,page contract input,apps/web/scripts/page-contract/generate.mjs; apps/web/scripts/prototype-design-consistency.test.ts,relocate to owner; update path references only,e0499928393e5bf1eba158f8179d9836ee222e7940c4fe27543f306822482be0,0d2483e598cf8ac447cfe1047412e68beb06bf63a8b96a255d1b61edffcc9894,1d4fa7af0414269492a1388d85876cb186fcfc8d
apps/web/docs/contracts/pages/experiment-list.contract.json,apps/web/contracts/pages/experiment-list.contract.json,page contract input,apps/web/scripts/page-contract/generate.mjs; apps/web/scripts/prototype-design-consistency.test.ts,relocate to owner; update path references only,85eaa7bb55b74766ff7ba5e9dea21c74961d8f946783746076658c5457ad4c8c,83f177b52d8b14582a77b9a789d9f85d16227f63c5b1a7e273f428a0eef0fc22,1d4fa7af0414269492a1388d85876cb186fcfc8d
apps/web/docs/contracts/pages/factor-analysis.contract.json,apps/web/contracts/pages/factor-analysis.contract.json,page contract input,apps/web/scripts/page-contract/generate.mjs; apps/web/scripts/prototype-design-consistency.test.ts,relocate to owner; update path references only,a865a50f89de8894111d98a425d74786eb6f57a836a7ded46699b668b7193b10,bc426598df705e839e7c09f6c8b4e737ce467f95885cd4a4e7c513a71ac1087d,1d4fa7af0414269492a1388d85876cb186fcfc8d
apps/web/docs/contracts/pages/factor-list.contract.json,apps/web/contracts/pages/factor-list.contract.json,page contract input,apps/web/scripts/page-contract/generate.mjs; apps/web/scripts/prototype-design-consistency.test.ts,relocate to owner; update path references only,844a15c56913935cf9d85de327bd723094df76de0292213af37e9c4fa03c510e,1857e6632c9f0a46457dba629083740df4ac5ced937d1648526d4e72e2de1a9a,1d4fa7af0414269492a1388d85876cb186fcfc8d
apps/web/docs/contracts/pages/home.contract.json,apps/web/contracts/pages/home.contract.json,page contract input,apps/web/scripts/page-contract/generate.mjs; apps/web/scripts/prototype-design-consistency.test.ts,relocate to owner; update path references only,acbca042c0c701198a8994a593f907a2bc723c15aaa19e2dcecc9c8c22ed94f2,084532ae9c6cb6de9a183296889a7819bcf22be38d0ab84d17d939607ca054dd,1d4fa7af0414269492a1388d85876cb186fcfc8d
apps/web/docs/contracts/pages/instrument-hub.contract.json,apps/web/contracts/pages/instrument-hub.contract.json,page contract input,apps/web/scripts/page-contract/generate.mjs; apps/web/scripts/prototype-design-consistency.test.ts,relocate to owner; update path references only,22372a0aeb9f0315d5eb4023a5477e86fdf96041cc925974ca310b51776e3993,6870f5e505c68a99b48c1210b81967293667e3e824c1ffec679c598d1d4c1d1b,1d4fa7af0414269492a1388d85876cb186fcfc8d
apps/web/docs/contracts/pages/manual-account.contract.json,apps/web/contracts/pages/manual-account.contract.json,page contract input,apps/web/scripts/page-contract/generate.mjs; apps/web/scripts/prototype-design-consistency.test.ts,relocate to owner; update path references only,babad86e394cd527f5393a110a47af95a52c40aee635a9eec66d0398a487cd5a,0cb599a3310ba1f56b0c27f784eb72aae86f932c5beaf200617a129d3946590e,1d4fa7af0414269492a1388d85876cb186fcfc8d
apps/web/docs/contracts/pages/markets-industries.contract.json,apps/web/contracts/pages/markets-industries.contract.json,page contract input,apps/web/scripts/page-contract/generate.mjs; apps/web/scripts/prototype-design-consistency.test.ts,relocate to owner; update path references only,0d88dbe549e705ca33d04848f98c0681ec1ec5a02576c8011b576efe2248ee1d,930f5d4eea2ba045c160561c1b74b6b54287bc7001f50bb3e44f50b1d8a9e222,1d4fa7af0414269492a1388d85876cb186fcfc8d
apps/web/docs/contracts/pages/markets-screener.contract.json,apps/web/contracts/pages/markets-screener.contract.json,page contract input,apps/web/scripts/page-contract/generate.mjs; apps/web/scripts/prototype-design-consistency.test.ts,relocate to owner; update path references only,526be4738543867b598915119099064fc38e9ae3108e03c2810b60fdb4adce02,a8ddef6664b96ac3b1536d803eaa9367f259f450ccfaf0efbe3aba9c2f63fe41,1d4fa7af0414269492a1388d85876cb186fcfc8d
apps/web/docs/contracts/pages/model-portfolio.contract.json,apps/web/contracts/pages/model-portfolio.contract.json,page contract input,apps/web/scripts/page-contract/generate.mjs; apps/web/scripts/prototype-design-consistency.test.ts,relocate to owner; update path references only,e49da71a7d626ea96f2d52eb7f1eb7bc07bd6476e8d981f8fc248c048a52b303,aa2df3c363987758995102891d1f1a6eed1c1b87a9315c591a875896809352bb,1d4fa7af0414269492a1388d85876cb186fcfc8d
apps/web/docs/contracts/pages/paper-account.contract.json,apps/web/contracts/pages/paper-account.contract.json,page contract input,apps/web/scripts/page-contract/generate.mjs; apps/web/scripts/prototype-design-consistency.test.ts,relocate to owner; update path references only,c1e4379c1633bd408b5fd1c1d68d2ffb12d3bf5ce2c3aa94f14dc265138a3bc5,475e2667730a457f5d1bb44b74158c2af3117347889c63a451c6e55a189c525e,1d4fa7af0414269492a1388d85876cb186fcfc8d
apps/web/docs/contracts/pages/portfolio-overview.contract.json,apps/web/contracts/pages/portfolio-overview.contract.json,page contract input,apps/web/scripts/page-contract/generate.mjs; apps/web/scripts/prototype-design-consistency.test.ts,relocate to owner; update path references only,71a4cace24346db96e43d0c105ed40d73154bad73722584e43655a12d0e704c4,cfb7d46583f24be963b7e4f34a9156586ef381edf7efbda6fabfca1948dd67d8,1d4fa7af0414269492a1388d85876cb186fcfc8d
apps/web/docs/contracts/pages/portfolio-risk.contract.json,apps/web/contracts/pages/portfolio-risk.contract.json,page contract input,apps/web/scripts/page-contract/generate.mjs; apps/web/scripts/prototype-design-consistency.test.ts,relocate to owner; update path references only,9f3dfc6cecf71b5fa7e4497035a8a59cdb576a79984af70bddd462d8c234170b,6f4e94f48cde926c5d329aa824e8af16fc7b50ec712c1af3c41b0a25fa0c7171,1d4fa7af0414269492a1388d85876cb186fcfc8d
apps/web/docs/contracts/pages/portfolio-transactions.contract.json,apps/web/contracts/pages/portfolio-transactions.contract.json,page contract input,apps/web/scripts/page-contract/generate.mjs; apps/web/scripts/prototype-design-consistency.test.ts,relocate to owner; update path references only,f8a281ac37d3926cbd98967622804c5dfd1809eb8a16a41a20759951aa1a98c4,f9db2d69c246703e2715af0cd523442add774bf3804b359017d73186389434e8,1d4fa7af0414269492a1388d85876cb186fcfc8d
apps/web/docs/contracts/pages/research-agent-lab.contract.json,apps/web/contracts/pages/research-agent-lab.contract.json,page contract input,apps/web/scripts/page-contract/generate.mjs; apps/web/scripts/prototype-design-consistency.test.ts,relocate to owner; update path references only,95822c5e061120286bbb447fe09d7597f2db16402c1cbc61da3370eacf0486e2,052819c4c199677423526ed29c2b7f3573363b445651d54c7ea2d46b37fb719b,1d4fa7af0414269492a1388d85876cb186fcfc8d
apps/web/docs/contracts/pages/research.contract.json,apps/web/contracts/pages/research.contract.json,page contract input,apps/web/scripts/page-contract/generate.mjs; apps/web/scripts/prototype-design-consistency.test.ts,relocate to owner; update path references only,8042e2c53f4e7a20361156f0939a5877a9896bb8c1746aeb186362f320f30b76,3bcf3aa8283c88d00c3663bf91be7788a9be8e5735fcbbc989cfb48511fd9ec8,1d4fa7af0414269492a1388d85876cb186fcfc8d
apps/web/docs/contracts/pages/review-detail.contract.json,apps/web/contracts/pages/review-detail.contract.json,page contract input,apps/web/scripts/page-contract/generate.mjs; apps/web/scripts/prototype-design-consistency.test.ts,relocate to owner; update path references only,bd8ff5d36b45d147ecfb86664b6bcfaf0d0af168ae462b7d5689c6f7a570064a,2631fc6fb32c53f323c8f891bdd06e9326e8c9da3cc8eca5d11c019ca35afe82,1d4fa7af0414269492a1388d85876cb186fcfc8d
apps/web/docs/contracts/pages/review-list.contract.json,apps/web/contracts/pages/review-list.contract.json,page contract input,apps/web/scripts/page-contract/generate.mjs; apps/web/scripts/prototype-design-consistency.test.ts,relocate to owner; update path references only,90c0f97482839b7c90f9a431162c0f42b77ea522d541ca92410b3de4322a79d1,c7be743d2c3ed60312bbff389346b6f5a61dd3373c11cacb4519b805f1f5b4b9,1d4fa7af0414269492a1388d85876cb186fcfc8d
apps/web/docs/contracts/pages/signals-inbox.contract.json,apps/web/contracts/pages/signals-inbox.contract.json,page contract input,apps/web/scripts/page-contract/generate.mjs; apps/web/scripts/prototype-design-consistency.test.ts,relocate to owner; update path references only,f31bb7967e75298da6f392d14431c2bf1881de6c18cd84bdb45ec2bfbbabd755,6dadc0b3635755559bd3aed2bf917b66ddcca17b08cac8c53fc8d6c18614621d,1d4fa7af0414269492a1388d85876cb186fcfc8d
apps/web/docs/contracts/pages/strategies-detail.contract.json,apps/web/contracts/pages/strategies-detail.contract.json,page contract input,apps/web/scripts/page-contract/generate.mjs; apps/web/scripts/prototype-design-consistency.test.ts,relocate to owner; update path references only,619b84f3304ac2088656977a66ee007d1da9fff3f87cb53e81410d6a47cbe485,67c4a3361cebdb5823c15af0aa48efe2858b663f7f21b6892751e92d65a678e4,1d4fa7af0414269492a1388d85876cb186fcfc8d
apps/web/docs/contracts/pages/strategy-list.contract.json,apps/web/contracts/pages/strategy-list.contract.json,page contract input,apps/web/scripts/page-contract/generate.mjs; apps/web/scripts/prototype-design-consistency.test.ts,relocate to owner; update path references only,56d78da3d17d538c76f503d087fb5bccdc9691e44619778f7acf930f9b07370f,f7e2718c907678b1ad35543090f8a4c558ece9605a6f790ab1948ed04373bddf,1d4fa7af0414269492a1388d85876cb186fcfc8d
apps/web/docs/contracts/pages/strategy-studio.contract.json,apps/web/contracts/pages/strategy-studio.contract.json,page contract input,apps/web/scripts/page-contract/generate.mjs; apps/web/scripts/prototype-design-consistency.test.ts,relocate to owner; update path references only,7ce67d4c3e56bebc12bd9ab931f75b51875179a7ae6031c98a2b698d29f2b1b9,7579eb8357f218f3e57d560b73334af48f033b2abab77ae4858737889a8ce3b3,1d4fa7af0414269492a1388d85876cb186fcfc8d
apps/web/docs/contracts/pages/system-agent-ops.contract.json,apps/web/contracts/pages/system-agent-ops.contract.json,page contract input,apps/web/scripts/page-contract/generate.mjs; apps/web/scripts/prototype-design-consistency.test.ts,relocate to owner; update path references only,504878f1836cd7e3cb17feb6d279dd7c67f89a54bc9e2faa762fc4c5b430901d,c7370c333565cf12c722d1849c31acd42d6571fc0c6974345428c2018b008eb3,1d4fa7af0414269492a1388d85876cb186fcfc8d
apps/web/docs/contracts/pages/system-audit.contract.json,apps/web/contracts/pages/system-audit.contract.json,page contract input,apps/web/scripts/page-contract/generate.mjs; apps/web/scripts/prototype-design-consistency.test.ts,relocate to owner; update path references only,8c99244aaa323709c6e5827dde039d5eac62d408eaf7dfc7d4791729b476d19d,ed95e88b72cb0a76b73314e4c31d894244eb960f1af6d0e7918d8dd4c41b8e41,1d4fa7af0414269492a1388d85876cb186fcfc8d
apps/web/docs/contracts/pages/system-jobs.contract.json,apps/web/contracts/pages/system-jobs.contract.json,page contract input,apps/web/scripts/page-contract/generate.mjs; apps/web/scripts/prototype-design-consistency.test.ts,relocate to owner; update path references only,f37fc88a9c4fb8f2c9487310727c091b61cdbf6fcd020c270365910868445c30,39fc406a260d34eff49ff50e9b3fe7f2e4634bd6516b1d45b33db5f7e7b1010a,1d4fa7af0414269492a1388d85876cb186fcfc8d
apps/web/docs/contracts/pages/system-settings.contract.json,apps/web/contracts/pages/system-settings.contract.json,page contract input,apps/web/scripts/page-contract/generate.mjs; apps/web/scripts/prototype-design-consistency.test.ts,relocate to owner; update path references only,6ed89ad31520385cc5fb72e57851ed9479f13eb5f2baab3919b5783d8d33f931,a6a473f5ffeb47f3c9bab9b119e40a5af4ad3caade3f4927b70d6019e0bc4403,1d4fa7af0414269492a1388d85876cb186fcfc8d
apps/web/docs/contracts/pages/system.contract.json,apps/web/contracts/pages/system.contract.json,page contract input,apps/web/scripts/page-contract/generate.mjs; apps/web/scripts/prototype-design-consistency.test.ts,relocate to owner; update path references only,ca84690e5a74e5e36e108695553874529970ad6aab5fa70c6239dcc06240c3c4,d16adae2523270aea6fa1204e2574de13caa7e55da596f11855b7397a1071be1,1d4fa7af0414269492a1388d85876cb186fcfc8d
apps/web/docs/contracts/pages/universe-list.contract.json,apps/web/contracts/pages/universe-list.contract.json,page contract input,apps/web/scripts/page-contract/generate.mjs; apps/web/scripts/prototype-design-consistency.test.ts,relocate to owner; update path references only,f3de8db9a347651b7cd2ccf13b714ed40b53418cb80c3835af5481f655979d20,35d65e26306fb45a37aed9ecd231c166f8ccd9f7845c681824b69e8d8a50ea9f,1d4fa7af0414269492a1388d85876cb186fcfc8d
apps/web/docs/contracts/pages/watchlist.contract.json,apps/web/contracts/pages/watchlist.contract.json,page contract input,apps/web/scripts/page-contract/generate.mjs; apps/web/scripts/prototype-design-consistency.test.ts,relocate to owner; update path references only,504b418fa770fafd66128d4440e35c0a0d78d19f309c49c24267be06ea1d4191,2f9eac793e07dcbc36d1ad99760f68c6823c0e1e3f2f3ef127f8b535c5d53fe4,1d4fa7af0414269492a1388d85876cb186fcfc8d
apps/web/docs/contracts/prototype-chart-interactions.md,apps/web/contracts/prototype-chart-interactions.md,contract guide/input,apps/web/AGENTS.md; apps/web/scripts/prototype-design-consistency.test.ts,relocate to owner; preserve bytes,8ef78ff33edf1ad5ca853f0ac467f8401a3fe81e1cd30a738f04df030369b065,8ef78ff33edf1ad5ca853f0ac467f8401a3fe81e1cd30a738f04df030369b065,1d4fa7af0414269492a1388d85876cb186fcfc8d
apps/web/docs/designs/specs/00_ditto_product_criteria.md,apps/web/design/specs/00_ditto_product_criteria.md,editable design specification and attached audit,apps/web/AGENTS.md; apps/web/scripts/prototype-design-consistency.test.ts; specification links,relocate to owner; preserve bytes,ccbc2df539a4187e74611527dac3f5a2d9a82cfb2c5e5dcae1a2f1178c48edde,ccbc2df539a4187e74611527dac3f5a2d9a82cfb2c5e5dcae1a2f1178c48edde,1d4fa7af0414269492a1388d85876cb186fcfc8d
apps/web/docs/designs/specs/00_ditto_visual_constitution.md,apps/web/design/specs/00_ditto_visual_constitution.md,editable design specification and attached audit,apps/web/AGENTS.md; apps/web/scripts/prototype-design-consistency.test.ts; specification links,relocate to owner; preserve bytes,f67421743d0042602fd91ef5efef488190b8dc1901510e7ee3ab3ff8d4bb6a17,f67421743d0042602fd91ef5efef488190b8dc1901510e7ee3ab3ff8d4bb6a17,1d4fa7af0414269492a1388d85876cb186fcfc8d
apps/web/docs/designs/specs/01_product_information_architecture.md,apps/web/design/specs/01_product_information_architecture.md,editable design specification and attached audit,apps/web/AGENTS.md; apps/web/scripts/prototype-design-consistency.test.ts; specification links,relocate to owner; preserve bytes,71f1266c1b50b2908034d1df33ac96ff48b1526b4ff99f214b018815e9c43273,71f1266c1b50b2908034d1df33ac96ff48b1526b4ff99f214b018815e9c43273,1d4fa7af0414269492a1388d85876cb186fcfc8d
apps/web/docs/designs/specs/02_core_page_blueprints.md,apps/web/design/specs/02_core_page_blueprints.md,editable design specification and attached audit,apps/web/AGENTS.md; apps/web/scripts/prototype-design-consistency.test.ts; specification links,relocate to owner; update path references only,ae1abc8c6735fcbdc704723462b761cb3348543d0a96b40b90d7c986adbbcca8,a765dc5259bd1b623817d0e220f094dd1f1baa2942f614b753415c6d8824d6df,1d4fa7af0414269492a1388d85876cb186fcfc8d
apps/web/docs/designs/specs/03_object_hub_spec.md,apps/web/design/specs/03_object_hub_spec.md,editable design specification and attached audit,apps/web/AGENTS.md; apps/web/scripts/prototype-design-consistency.test.ts; specification links,relocate to owner; update path references only,c719ae898445ff1ea0a366f56faa02d4b307aa588da9eac9cc9bc22c5c9ecdf1,6fe27b04ba7818c9d07da84d73119df65083d5e21f499887a4f4d43974c97dc0,1d4fa7af0414269492a1388d85876cb186fcfc8d
apps/web/docs/designs/specs/04_interaction_state_spec.md,apps/web/design/specs/04_interaction_state_spec.md,editable design specification and attached audit,apps/web/AGENTS.md; apps/web/scripts/prototype-design-consistency.test.ts; specification links,relocate to owner; update path references only,8569bb05c52dc91fbf532cf3dc72d6ea38eddc36051a9f2bd1ac1c1ae453acc7,f54daa106af7f00dcdc401ce35bac356c6c675cb26173596b4a252e47cd74948,1d4fa7af0414269492a1388d85876cb186fcfc8d
apps/web/docs/designs/specs/05_prompt_pack_for_ai_design_and_coding.md,apps/web/design/specs/05_prompt_pack_for_ai_design_and_coding.md,editable design specification and attached audit,apps/web/AGENTS.md; apps/web/scripts/prototype-design-consistency.test.ts; specification links,relocate to owner; update path references only,93190ec90cf733731718aa74c7d0c5b3f2e404e739c50df2a23b58b79f977fb7,a406e8fdde5f3bc0e8aea9387119eca810ca1ecafabc70a1d0455d334086be2b,1d4fa7af0414269492a1388d85876cb186fcfc8d
apps/web/docs/designs/specs/06_core_user_flows.md,apps/web/design/specs/06_core_user_flows.md,editable design specification and attached audit,apps/web/AGENTS.md; apps/web/scripts/prototype-design-consistency.test.ts; specification links,relocate to owner; update path references only,ddc3f9cc02f08b493e36256f7210825e1b0c27937198337351692670d40c30e5,5d0f260a03a9fb0a59125eac4db49a1eaa1aeb95e5351cee32c841225a202bd6,1d4fa7af0414269492a1388d85876cb186fcfc8d
apps/web/docs/designs/specs/10_ditto_shell_family_spec.md,apps/web/design/specs/10_ditto_shell_family_spec.md,editable design specification and attached audit,apps/web/AGENTS.md; apps/web/scripts/prototype-design-consistency.test.ts; specification links,relocate to owner; update path references only,aabb45f35bfadb86e7b4513087bc8906fe8933108d19b349e11ea906aa886838,49908cc82fd84b317fdb674864ecba7c1e97bd50171d2a25528e8e48394a2524,1d4fa7af0414269492a1388d85876cb186fcfc8d
apps/web/docs/designs/specs/11_ditto_page_pattern_library.md,apps/web/design/specs/11_ditto_page_pattern_library.md,editable design specification and attached audit,apps/web/AGENTS.md; apps/web/scripts/prototype-design-consistency.test.ts; specification links,relocate to owner; update path references only,a650c22cf3eb97db072090ef68bca74f28d1774a67be004ef4ae946aaf044d8c,1f85a25a1ce22e633bb064c7edce7fd5a5c660b5dd3a8fd10fe26d9e4eb8d99c,1d4fa7af0414269492a1388d85876cb186fcfc8d
apps/web/docs/designs/specs/12_ditto_data_views_spec.md,apps/web/design/specs/12_ditto_data_views_spec.md,editable design specification and attached audit,apps/web/AGENTS.md; apps/web/scripts/prototype-design-consistency.test.ts; specification links,relocate to owner; update path references only,1377f26555498136a984e15a8dc53db419d8a577378cb2309a208b8f786da52a,6eb6d474dface44484078b0035e5500c9431c606cd1ec7c101e340dc80b2fd84,1d4fa7af0414269492a1388d85876cb186fcfc8d
apps/web/docs/designs/specs/13_ditto_component_spec.md,apps/web/design/specs/13_ditto_component_spec.md,editable design specification and attached audit,apps/web/AGENTS.md; apps/web/scripts/prototype-design-consistency.test.ts; specification links,relocate to owner; update path references only,3c79c10f81f5a3da270994e3c224f189013aac26e8569ac1eaec2a94c91e1c76,7c96060f4621550d35ed7c244e28a36872cfbbbc49a2290e11a3dd71354f93b2,1d4fa7af0414269492a1388d85876cb186fcfc8d
apps/web/docs/designs/specs/14_ditto_token_naming_layering_spec.md,apps/web/design/specs/14_ditto_token_naming_layering_spec.md,editable design specification and attached audit,apps/web/AGENTS.md; apps/web/scripts/prototype-design-consistency.test.ts; specification links,relocate to owner; update path references only,68b84aca0b48ebf1c4e9f3379ed5f4d9a83cbe20de9f96d5d42f2b1e025432d4,ec33deb210c6744aa120dfd3a876c061c2cb00eea91e6b2a85d2c8ff938d8779,1d4fa7af0414269492a1388d85876cb186fcfc8d
apps/web/docs/designs/specs/15_ditto_token_stabilization_spec.md,apps/web/design/specs/15_ditto_token_stabilization_spec.md,editable design specification and attached audit,apps/web/AGENTS.md; apps/web/scripts/prototype-design-consistency.test.ts; specification links,relocate to owner; update path references only,53aadfa5d7c6e703cf4d16cd58a605e8ab19bf34be55478416f967ea373b1c32,dc010ff54b070f8a6f5c48708b39308603babc876d67e46273900d8488cc51c5,1d4fa7af0414269492a1388d85876cb186fcfc8d
apps/web/docs/designs/specs/16_ditto_glossary.md,apps/web/design/specs/16_ditto_glossary.md,editable design specification and attached audit,apps/web/AGENTS.md; apps/web/scripts/prototype-design-consistency.test.ts; specification links,relocate to owner; preserve bytes,a35f4dee64c81d0b92fb9f05ccd1a41e87dbcbcf6ffb1c038e06c0bf5f97b427,a35f4dee64c81d0b92fb9f05ccd1a41e87dbcbcf6ffb1c038e06c0bf5f97b427,1d4fa7af0414269492a1388d85876cb186fcfc8d
apps/web/docs/designs/specs/17_backtest_engine_spec.md,apps/web/design/specs/17_backtest_engine_spec.md,editable design specification and attached audit,apps/web/AGENTS.md; apps/web/scripts/prototype-design-consistency.test.ts; specification links,relocate to owner; update path references only,a734446c467effdc77d23c44ae46dde1372a1006185be43598f8bb8e2f71f1b3,44b78a7007566bc26d2d4d6fdc974fbf9840014107b740af21a8c84b057a3993,1d4fa7af0414269492a1388d85876cb186fcfc8d
apps/web/docs/designs/specs/18_data_source_spec.md,apps/web/design/specs/18_data_source_spec.md,editable design specification and attached audit,apps/web/AGENTS.md; apps/web/scripts/prototype-design-consistency.test.ts; specification links,relocate to owner; update path references only,2f85b8c8b8b98ee09af8cc1fdafb0fce1c1767b0bf5234a29e1ea9ae8ae523b4,e7050e7293a9a20c3c584fa8d87a884bcdbc8e3ce6295cfa374c36e00799ba50,1d4fa7af0414269492a1388d85876cb186fcfc8d
apps/web/docs/designs/specs/19_ditto_shell_chrome_contract.md,apps/web/design/specs/19_ditto_shell_chrome_contract.md,editable design specification and attached audit,apps/web/AGENTS.md; apps/web/scripts/prototype-design-consistency.test.ts; specification links,relocate to owner; update path references only,3dd0c98ec494d8676305ff4ea86c78f652fe07f3133cf848fbe8e46744a568c2,6e5308a018b032a9b48a4a82102e864a568f0f72a3bc1a24c0a07f8dac70a8d9,1d4fa7af0414269492a1388d85876cb186fcfc8d
apps/web/docs/designs/specs/2026-03-24-ditto-app-techstack.md,apps/web/design/specs/2026-03-24-ditto-app-techstack.md,editable design specification and attached audit,apps/web/AGENTS.md; apps/web/scripts/prototype-design-consistency.test.ts; specification links,relocate to owner; preserve bytes,ceaf606fb4c75a1447e084e6a886c8f8224143cf9cac2302d93653714356daff,ceaf606fb4c75a1447e084e6a886c8f8224143cf9cac2302d93653714356daff,1d4fa7af0414269492a1388d85876cb186fcfc8d
apps/web/docs/designs/specs/20_interaction_ux_audit.md,apps/web/design/specs/20_interaction_ux_audit.md,editable design specification and attached audit,apps/web/AGENTS.md; apps/web/scripts/prototype-design-consistency.test.ts; specification links,relocate to owner; update path references only,971d98e44523f88ceefe0ec18d32ba7ec120bd734181d4b1aec5ad8c919c91a7,56c96f0675c05d1c075c9e8e09d41c974b681c081085995a4a035920e0301275,1d4fa7af0414269492a1388d85876cb186fcfc8d
apps/web/docs/designs/specs/audit-2026-04-19.md,apps/web/design/specs/audit-2026-04-19.md,editable design specification and attached audit,apps/web/AGENTS.md; apps/web/scripts/prototype-design-consistency.test.ts; specification links,relocate to owner; preserve bytes,060ebb1065db89460e0c4ecd040d806f69f98e4bb074782235b7020e520a5f4d,060ebb1065db89460e0c4ecd040d806f69f98e4bb074782235b7020e520a5f4d,1d4fa7af0414269492a1388d85876cb186fcfc8d
apps/web/docs/designs/specs/audit-2026-04-20.md,apps/web/design/specs/audit-2026-04-20.md,editable design specification and attached audit,apps/web/AGENTS.md; apps/web/scripts/prototype-design-consistency.test.ts; specification links,relocate to owner; preserve bytes,d9b87197648fc7672fc1c8476fb59a2b828df8fd7bfb1a0cd150767204090d28,d9b87197648fc7672fc1c8476fb59a2b828df8fd7bfb1a0cd150767204090d28,1d4fa7af0414269492a1388d85876cb186fcfc8d
apps/web/docs/designs/specs/audits/2026-03-31-product-architecture-audit.md,apps/web/design/specs/audits/2026-03-31-product-architecture-audit.md,editable design specification and attached audit,apps/web/AGENTS.md; apps/web/scripts/prototype-design-consistency.test.ts; specification links,relocate to owner; update path references only,a84c1885a1240bc025196b37ef7cbb7168f005f4823103e088547299210e3ffa,bf3b87ae20d5f6658e60825fc1e80601faed830883bb3751e7c487b758d39ad0,1d4fa7af0414269492a1388d85876cb186fcfc8d
apps/web/docs/designs/specs/audits/2026-05-03-prototype-uiux-audit.md,apps/web/design/specs/audits/2026-05-03-prototype-uiux-audit.md,editable design specification and attached audit,apps/web/AGENTS.md; apps/web/scripts/prototype-design-consistency.test.ts; specification links,relocate to owner; preserve bytes,96dd41235ea55d2584a47cd881f967c7930df07aa2f84248ee27858e34b59c33,96dd41235ea55d2584a47cd881f967c7930df07aa2f84248ee27858e34b59c33,1d4fa7af0414269492a1388d85876cb186fcfc8d
apps/web/docs/designs/specs/audits/2026-05-11-prototype-quality-recovery-results.md,apps/web/design/specs/audits/2026-05-11-prototype-quality-recovery-results.md,editable design specification and attached audit,apps/web/AGENTS.md; apps/web/scripts/prototype-design-consistency.test.ts; specification links,relocate to owner; update path references only,ade4d379c14e940ea31fb5d2831b6b246e1103290473233c2117a2495b0497aa,42a2140f8578585c5dd6233425d7c7afee4b19092e325f56023d5f68b7620e63,1d4fa7af0414269492a1388d85876cb186fcfc8d
apps/web/docs/designs/specs/audits/2026-05-11-prototype-quality-score-contract.md,apps/web/design/specs/audits/2026-05-11-prototype-quality-score-contract.md,editable design specification and attached audit,apps/web/AGENTS.md; apps/web/scripts/prototype-design-consistency.test.ts; specification links,relocate to owner; preserve bytes,594b2784826c8dd69c9d7d04bc0bc76296f58f02f53226b6099e864835e4626a,594b2784826c8dd69c9d7d04bc0bc76296f58f02f53226b6099e864835e4626a,1d4fa7af0414269492a1388d85876cb186fcfc8d
apps/web/docs/designs/specs/prototypes/.edition-manifest.json,apps/web/prototype/.edition-manifest.json,prototype source and supporting assets,apps/web/scripts/*prototype*.test.*; apps/web/scripts/capture-prototype-baseline.mjs,relocate to owner; update path references only,0adeb678ba5f32743addc583ebb020786aa7669f58b0a43a5106085578b35f80,d7bae6cef78b3b609814a4aabc9b31f22115de6b8303825ca013b8ff0e2a04f1,1d4fa7af0414269492a1388d85876cb186fcfc8d
apps/web/docs/designs/specs/prototypes/.frozen-baseline.json,apps/web/prototype/baselines/frontend-recovery-m0-2026-09-04.json,immutable historical evidence,apps/web/prototype/baselines/README.md; baselineCommit in record,relocate to owner; preserve bytes,f60207532bab0da2c3d32adb31a379e36ec8e8f88e00653a8ba44593c44cf9df,f60207532bab0da2c3d32adb31a379e36ec8e8f88e00653a8ba44593c44cf9df,1d4fa7af0414269492a1388d85876cb186fcfc8d
apps/web/docs/designs/specs/prototypes/archive/2026-04-30/page-ai-copilot.html,apps/web/prototype/archive/2026-04-30/page-ai-copilot.html,prototype source and supporting assets,apps/web/scripts/*prototype*.test.*; apps/web/scripts/capture-prototype-baseline.mjs,relocate to owner; update path references only,49c22aacc4929c663f95c55af72de5c0db2a69d22c50f17c0abe2a66f10103cd,692d3fb4e97caab43ee168100a502071beed67c765d28d23215c10cdb81cc7b7,1d4fa7af0414269492a1388d85876cb186fcfc8d
apps/web/docs/designs/specs/prototypes/archive/2026-04-30/page-ai-overview.html,apps/web/prototype/archive/2026-04-30/page-ai-overview.html,prototype source and supporting assets,apps/web/scripts/*prototype*.test.*; apps/web/scripts/capture-prototype-baseline.mjs,relocate to owner; update path references only,9949872a434cce4fa19df6cdd3ecd95955959f57d0fbedee14dbcb8f9203657d,85d0d1d08a864b84b928da51dc7e5c179417a9ace804c85f856b857c987694fb,1d4fa7af0414269492a1388d85876cb186fcfc8d
apps/web/docs/designs/specs/prototypes/archive/README.md,apps/web/prototype/archive/README.md,prototype source and supporting assets,apps/web/scripts/*prototype*.test.*; apps/web/scripts/capture-prototype-baseline.mjs,relocate to owner; preserve bytes,941c35a594de76e09d6198db21d4432e5fb3b4a6cdd0215fe815c4642e25e26b,941c35a594de76e09d6198db21d4432e5fb3b4a6cdd0215fe815c4642e25e26b,1d4fa7af0414269492a1388d85876cb186fcfc8d
apps/web/docs/designs/specs/prototypes/page-a-shares.html,apps/web/prototype/page-a-shares.html,prototype source and supporting assets,apps/web/scripts/*prototype*.test.*; apps/web/scripts/capture-prototype-baseline.mjs,relocate to owner; update path references only,e61a5ef8b4ccc38f0c3865fcce388aa2d34ba6245457b1a05b23af148ba796ae,bb5ca7041d7591265a252b1c29bc75e91f8fc8d22a5a73d78764727c3ebbcd3f,1d4fa7af0414269492a1388d85876cb186fcfc8d
apps/web/docs/designs/specs/prototypes/page-agent-console-v2.html,apps/web/prototype/page-agent-console-v2.html,prototype source and supporting assets,apps/web/scripts/*prototype*.test.*; apps/web/scripts/capture-prototype-baseline.mjs,relocate to owner; update path references only,85efc9ba13b988912a49cb99a7d5ff7c48d0baa35278dda0cae0c6da99b2e0ac,5fd30dddbe4dbc47cd93a19ab0a9aaf8cc25d6d134737ed52afdf6246373a31a,1d4fa7af0414269492a1388d85876cb186fcfc8d
apps/web/docs/designs/specs/prototypes/page-alpha-explorer.html,apps/web/prototype/page-alpha-explorer.html,prototype source and supporting assets,apps/web/scripts/*prototype*.test.*; apps/web/scripts/capture-prototype-baseline.mjs,relocate to owner; update path references only,076d724cf5090d68ff879a0fa51366feee4eea41575440c88fab30a5b13c0edd,f9a284ba2510b0703cebbd032f4257beeb12cf8a2c9ed104f5c57599a808c3cc,1d4fa7af0414269492a1388d85876cb186fcfc8d
apps/web/docs/designs/specs/prototypes/page-backtest-list.html,apps/web/prototype/page-backtest-list.html,prototype source and supporting assets,apps/web/scripts/*prototype*.test.*; apps/web/scripts/capture-prototype-baseline.mjs,relocate to owner; update path references only,ead818ed892cabbc7288551b60d7ad27b128c90c440dab3661af4751435698f3,a7df08848641c004198dbfbe55cbdc3c6888102542c3ce489bc51dbbca7f2d4f,1d4fa7af0414269492a1388d85876cb186fcfc8d
apps/web/docs/designs/specs/prototypes/page-backtest-result.html,apps/web/prototype/page-backtest-result.html,prototype source and supporting assets,apps/web/scripts/*prototype*.test.*; apps/web/scripts/capture-prototype-baseline.mjs,relocate to owner; update path references only,80ff4e792ae38865719813ef262b9de89d245eab36cd36a0104df9a78f2de25f,32fc5d82f3fbb336708b21a73c216e0d136fb464bf7bf27d1b1be6a13a82302f,1d4fa7af0414269492a1388d85876cb186fcfc8d
apps/web/docs/designs/specs/prototypes/page-cross-market.html,apps/web/prototype/page-cross-market.html,prototype source and supporting assets,apps/web/scripts/*prototype*.test.*; apps/web/scripts/capture-prototype-baseline.mjs,relocate to owner; update path references only,a76d2048f8bb284f38e99ec42127111d95baab035edcea9ce10a8f981f661f25,fbb871a2bbcf6e66f84736b6308bea516ded0cbbb70014323941977eebe35fd0,1d4fa7af0414269492a1388d85876cb186fcfc8d
apps/web/docs/designs/specs/prototypes/page-experiment-list.html,apps/web/prototype/page-experiment-list.html,prototype source and supporting assets,apps/web/scripts/*prototype*.test.*; apps/web/scripts/capture-prototype-baseline.mjs,relocate to owner; update path references only,6fe7f687082897f26824b51e0b031a6a71ebf8c8253cefaebfd7be26195783cc,a13b6f1627a109c057eb7e43b4a28abbef1014750993812bc19b29b709eb2001,1d4fa7af0414269492a1388d85876cb186fcfc8d
apps/web/docs/designs/specs/prototypes/page-factor-analysis.html,apps/web/prototype/page-factor-analysis.html,prototype source and supporting assets,apps/web/scripts/*prototype*.test.*; apps/web/scripts/capture-prototype-baseline.mjs,relocate to owner; update path references only,c6be1cd0c7f5a81eaf455e79a37343535852fdf8e1cb29e76e96f72b0ae664e8,26aeede31fc049be8ad29386d75d59e488329634abf603dd0ab14c34a47b2a49,1d4fa7af0414269492a1388d85876cb186fcfc8d
apps/web/docs/designs/specs/prototypes/page-factor-list.html,apps/web/prototype/page-factor-list.html,prototype source and supporting assets,apps/web/scripts/*prototype*.test.*; apps/web/scripts/capture-prototype-baseline.mjs,relocate to owner; update path references only,3668ac661c56b241aec8c1b99a2c49ae29a2648540e0ab0eeb885f57464a9b80,66e2791bc36b3ae9489ec2a4361fedd00ba715bcf380beef2dd26e4e559d3c57,1d4fa7af0414269492a1388d85876cb186fcfc8d
apps/web/docs/designs/specs/prototypes/page-home.html,apps/web/prototype/page-home.html,prototype source and supporting assets,apps/web/scripts/*prototype*.test.*; apps/web/scripts/capture-prototype-baseline.mjs,relocate to owner; update path references only,ed1f582154d02045af5a9414e08b0012140d7dfeffe1b5ff1511f42deb8b8525,92e7cc266a8eec2ffadd61bab14390f0eb2ab05196a4ca1d6e4b0c3e2a4cd000,1d4fa7af0414269492a1388d85876cb186fcfc8d
apps/web/docs/designs/specs/prototypes/page-instrument-hub.html,apps/web/prototype/page-instrument-hub.html,prototype source and supporting assets,apps/web/scripts/*prototype*.test.*; apps/web/scripts/capture-prototype-baseline.mjs,relocate to owner; update path references only,79d333ec1371e5cfe7eac7b188d81d51b0f2710644f042c752199b6a560c3fc5,23bd98f22c255e166103730ac1905df997a680ce156a24aecbbc7e1eae81ea3b,1d4fa7af0414269492a1388d85876cb186fcfc8d
apps/web/docs/designs/specs/prototypes/page-markets-calendar.html,apps/web/prototype/page-markets-calendar.html,prototype source and supporting assets,apps/web/scripts/*prototype*.test.*; apps/web/scripts/capture-prototype-baseline.mjs,relocate to owner; update path references only,621f2b75c45158516f855f22976fe2d96723b236dd6997bc38ec027891de157a,3fca39133968b9106997553c71b226df5b22edaa8b0f72b6f61270cdfd9ad939,1d4fa7af0414269492a1388d85876cb186fcfc8d
apps/web/docs/designs/specs/prototypes/page-markets-intelligence.html,apps/web/prototype/page-markets-intelligence.html,prototype source and supporting assets,apps/web/scripts/*prototype*.test.*; apps/web/scripts/capture-prototype-baseline.mjs,relocate to owner; update path references only,d1d8b5ff02400547bb92d7da03b8541701b56b7ff5401aa7c3ec70d537effbc4,6361ee309a0b5126dceabc0e488c4b9524365d56b563c4d6df04ab971c241974,1d4fa7af0414269492a1388d85876cb186fcfc8d
apps/web/docs/designs/specs/prototypes/page-markets-screener.html,apps/web/prototype/page-markets-screener.html,prototype source and supporting assets,apps/web/scripts/*prototype*.test.*; apps/web/scripts/capture-prototype-baseline.mjs,relocate to owner; update path references only,af8c3bffe9a406151b4d4030bb636ad0722428c39c590c93327c4f6f9ec26d44,a90a6cb8babf001ccccf506f064812c8d19e0c04a45ad883d7b37c55ceb7dcb4,1d4fa7af0414269492a1388d85876cb186fcfc8d
apps/web/docs/designs/specs/prototypes/page-orders-ledger.html,apps/web/prototype/page-orders-ledger.html,prototype source and supporting assets,apps/web/scripts/*prototype*.test.*; apps/web/scripts/capture-prototype-baseline.mjs,relocate to owner; update path references only,857dabc95807bdfa8e0e2d161a0e2544481857f4279c781fff2c214fbe5717bf,217b5ca392c761e5fe41cf1690df1d1bf5da0319dd515d80c24889391252f5c2,1d4fa7af0414269492a1388d85876cb186fcfc8d
apps/web/docs/designs/specs/prototypes/page-platform-settings.html,apps/web/prototype/page-platform-settings.html,prototype source and supporting assets,apps/web/scripts/*prototype*.test.*; apps/web/scripts/capture-prototype-baseline.mjs,relocate to owner; update path references only,6a6ef5834c1ce7a14029b179ab77c02fbb9fb7a55f4af8990f11e310b54758c0,5f42fcd0673d153a923ca7bf61680912b43cc4c2008c447f398b9526daeb23d3,1d4fa7af0414269492a1388d85876cb186fcfc8d
apps/web/docs/designs/specs/prototypes/page-platform.html,apps/web/prototype/page-platform.html,prototype source and supporting assets,apps/web/scripts/*prototype*.test.*; apps/web/scripts/capture-prototype-baseline.mjs,relocate to owner; update path references only,edd321c58d26290a5d3069e646c8140ed6c004abc409f252f4d9f49c300ad92f,1f8d1ebdb2825cb5afe63a337cd34a49ad6be7728c8bd86302907b8a74c70bbb,1d4fa7af0414269492a1388d85876cb186fcfc8d
apps/web/docs/designs/specs/prototypes/page-portfolio.html,apps/web/prototype/page-portfolio.html,prototype source and supporting assets,apps/web/scripts/*prototype*.test.*; apps/web/scripts/capture-prototype-baseline.mjs,relocate to owner; update path references only,5f44e21b5ec71715cf47cab40f9815b79a2eb0955aee8ff6b5362a9e5c4c91f8,7a875db196ea0b13fb1b824178e06d647749cc8ba98470dc660deae58ae500ae,1d4fa7af0414269492a1388d85876cb186fcfc8d
apps/web/docs/designs/specs/prototypes/page-regime-monitor.html,apps/web/prototype/page-regime-monitor.html,prototype source and supporting assets,apps/web/scripts/*prototype*.test.*; apps/web/scripts/capture-prototype-baseline.mjs,relocate to owner; update path references only,f8d5d2252ba39e9f0258e541dccbe3a6232f9ad053fc473a3ed206e6765e8521,d5cb425b184c3930d7a793ee9085152642e807c0e7c370c084de6cac5315d5f1,1d4fa7af0414269492a1388d85876cb186fcfc8d
apps/web/docs/designs/specs/prototypes/page-research.html,apps/web/prototype/page-research.html,prototype source and supporting assets,apps/web/scripts/*prototype*.test.*; apps/web/scripts/capture-prototype-baseline.mjs,relocate to owner; update path references only,02bc482f577e7c35aad2185c10ea588330f6f463669762fa004b649b9e18c487,b23deb20fbd64816485760edd1617855d9d070ac0c0952b12a3898ec55504254,1d4fa7af0414269492a1388d85876cb186fcfc8d
apps/web/docs/designs/specs/prototypes/page-risk-center.html,apps/web/prototype/page-risk-center.html,prototype source and supporting assets,apps/web/scripts/*prototype*.test.*; apps/web/scripts/capture-prototype-baseline.mjs,relocate to owner; update path references only,619a44745d926aba71490461041d3ccf8ae25efada77560b936b8b9795462957,67439cd49cc87d6e84f55a645cb95c7216202861659efe4a366f44764ec1b63d,1d4fa7af0414269492a1388d85876cb186fcfc8d
apps/web/docs/designs/specs/prototypes/page-signals-inbox.html,apps/web/prototype/page-signals-inbox.html,prototype source and supporting assets,apps/web/scripts/*prototype*.test.*; apps/web/scripts/capture-prototype-baseline.mjs,relocate to owner; update path references only,1e9d30176f56452efed02854bccadf5f82abb7edd76204b3d74f51436c401ee3,5416e1893d5a77eca5a5b90d85305e2d0bf302372b06fff4170e8d6b073e5756,1d4fa7af0414269492a1388d85876cb186fcfc8d
apps/web/docs/designs/specs/prototypes/page-strategies-detail.html,apps/web/prototype/page-strategies-detail.html,prototype source and supporting assets,apps/web/scripts/*prototype*.test.*; apps/web/scripts/capture-prototype-baseline.mjs,relocate to owner; update path references only,0abe3fa540cde344393569d20a0c3bc3ae494746fdd6c77b890ed95f792e3463,273a87eca591e8d2ead3781d9c95e72ae8911e3b7cc4c0a377b736bc49ec65c8,1d4fa7af0414269492a1388d85876cb186fcfc8d
apps/web/docs/designs/specs/prototypes/page-strategy-list.html,apps/web/prototype/page-strategy-list.html,prototype source and supporting assets,apps/web/scripts/*prototype*.test.*; apps/web/scripts/capture-prototype-baseline.mjs,relocate to owner; update path references only,e220aeaf090c1c1f0cd851a106db369af0f8f2d4bd7928260c5721248d39cf62,1b3074d3b7717005b27d16f51993c36d1eab9d2049a8511389708358c36d5093,1d4fa7af0414269492a1388d85876cb186fcfc8d
apps/web/docs/designs/specs/prototypes/page-strategy-studio.html,apps/web/prototype/page-strategy-studio.html,prototype source and supporting assets,apps/web/scripts/*prototype*.test.*; apps/web/scripts/capture-prototype-baseline.mjs,relocate to owner; update path references only,4d1d776507a6626292e6085dc304a7b0aaef1df74df3863b67b1d8888d6b0755,03d18231f094a6e4ef1ffc8437865db0f4f51461b176df9783ae943b2decfee2,1d4fa7af0414269492a1388d85876cb186fcfc8d
apps/web/docs/designs/specs/prototypes/page-trading-overview.html,apps/web/prototype/page-trading-overview.html,prototype source and supporting assets,apps/web/scripts/*prototype*.test.*; apps/web/scripts/capture-prototype-baseline.mjs,relocate to owner; update path references only,5a5eb1cc44762905184b95a5f54eaa74aac97104eb91be493a5583ee65337ed9,4ad28c61105872b1879ffd70836a8d24ee2e50bd10b13b86e14df3b134a7c738,1d4fa7af0414269492a1388d85876cb186fcfc8d
apps/web/docs/designs/specs/prototypes/page-universe-list.html,apps/web/prototype/page-universe-list.html,prototype source and supporting assets,apps/web/scripts/*prototype*.test.*; apps/web/scripts/capture-prototype-baseline.mjs,relocate to owner; update path references only,a9d0cd7c26935624975f7b82e32cd74927a037cebca3e70bc45232fe77c84fde,dd6cca58ba80c92520aa7b5d6bbc01970a3e6b662fabc0d2925082bf40588ece,1d4fa7af0414269492a1388d85876cb186fcfc8d
apps/web/docs/designs/specs/prototypes/page-watchlist.html,apps/web/prototype/page-watchlist.html,prototype source and supporting assets,apps/web/scripts/*prototype*.test.*; apps/web/scripts/capture-prototype-baseline.mjs,relocate to owner; update path references only,78752ea446a7324bf6a543e9a4dfa75b295dee2672d49512ff3965b4d5000435,6dcea721dc2cff8a2d4fe0016f959cbdd170183d981f28d7ff8598d174993aa4,1d4fa7af0414269492a1388d85876cb186fcfc8d
apps/web/docs/designs/specs/prototypes/shared/fonts.css,apps/web/prototype/shared/fonts.css,prototype source and supporting assets,apps/web/scripts/*prototype*.test.*; apps/web/scripts/capture-prototype-baseline.mjs,relocate to owner; update path references only,45fdb9d98e3c08f0710c41aba7a23a7300ce166b0c73cf66477a33af6cdd59c4,0a065059e1bd41d15e68dcc36a97b2d45095cfdb468c69592fc6b938dc93b482,1d4fa7af0414269492a1388d85876cb186fcfc8d
apps/web/docs/designs/specs/prototypes/shared/layout-components.css,apps/web/prototype/shared/layout-components.css,prototype source and supporting assets,apps/web/scripts/*prototype*.test.*; apps/web/scripts/capture-prototype-baseline.mjs,relocate to owner; preserve bytes,3a04276cda0463aaba21305cbda1cc55a464969eb212f54bd98f999a45801181,3a04276cda0463aaba21305cbda1cc55a464969eb212f54bd98f999a45801181,1d4fa7af0414269492a1388d85876cb186fcfc8d
apps/web/docs/designs/specs/prototypes/shared/layout-gallery.css,apps/web/prototype/shared/layout-gallery.css,prototype source and supporting assets,apps/web/scripts/*prototype*.test.*; apps/web/scripts/capture-prototype-baseline.mjs,relocate to owner; preserve bytes,52734bf2d79c020c270b06b39997aa4f7f378011dc5fa7bac05099f5d15e27ae,52734bf2d79c020c270b06b39997aa4f7f378011dc5fa7bac05099f5d15e27ae,1d4fa7af0414269492a1388d85876cb186fcfc8d
apps/web/docs/designs/specs/prototypes/shared/layout-overlay.css,apps/web/prototype/shared/layout-overlay.css,prototype source and supporting assets,apps/web/scripts/*prototype*.test.*; apps/web/scripts/capture-prototype-baseline.mjs,relocate to owner; preserve bytes,2ba935501b48237f1439494943063c6af9eb126157b81d3f745285795cabbb6a,2ba935501b48237f1439494943063c6af9eb126157b81d3f745285795cabbb6a,1d4fa7af0414269492a1388d85876cb186fcfc8d
apps/web/docs/designs/specs/prototypes/shared/layout-shell.css,apps/web/prototype/shared/layout-shell.css,prototype source and supporting assets,apps/web/scripts/*prototype*.test.*; apps/web/scripts/capture-prototype-baseline.mjs,relocate to owner; preserve bytes,7e26de6310327bb9771b921e7ecc6d5171e1dc96da1c6b82983042809d0b601d,7e26de6310327bb9771b921e7ecc6d5171e1dc96da1c6b82983042809d0b601d,1d4fa7af0414269492a1388d85876cb186fcfc8d
apps/web/docs/designs/specs/prototypes/shared/layout-state.css,apps/web/prototype/shared/layout-state.css,prototype source and supporting assets,apps/web/scripts/*prototype*.test.*; apps/web/scripts/capture-prototype-baseline.mjs,relocate to owner; preserve bytes,c50f4d69e54f27763fb8411dfedfc93872bce17364a8242b43262b45153e7b77,c50f4d69e54f27763fb8411dfedfc93872bce17364a8242b43262b45153e7b77,1d4fa7af0414269492a1388d85876cb186fcfc8d
apps/web/docs/designs/specs/prototypes/shared/mock-data.js,apps/web/prototype/shared/mock-data.js,prototype source and supporting assets,apps/web/scripts/*prototype*.test.*; apps/web/scripts/capture-prototype-baseline.mjs,relocate to owner; preserve bytes,ea245478e4a856fe98d2c5bbfbdb26bd4b075b98081d5d01f8d1acc1d167443b,ea245478e4a856fe98d2c5bbfbdb26bd4b075b98081d5d01f8d1acc1d167443b,1d4fa7af0414269492a1388d85876cb186fcfc8d
apps/web/docs/designs/specs/prototypes/shared/prototype-interactions.css,apps/web/prototype/shared/prototype-interactions.css,prototype source and supporting assets,apps/web/scripts/*prototype*.test.*; apps/web/scripts/capture-prototype-baseline.mjs,relocate to owner; preserve bytes,f65112b0e238645b50d30c28867c03e7b31be6fb480b9cd952ab145dd492b4cc,f65112b0e238645b50d30c28867c03e7b31be6fb480b9cd952ab145dd492b4cc,1d4fa7af0414269492a1388d85876cb186fcfc8d
apps/web/docs/designs/specs/prototypes/shared/prototype-interactions.js,apps/web/prototype/shared/prototype-interactions.js,prototype source and supporting assets,apps/web/scripts/*prototype*.test.*; apps/web/scripts/capture-prototype-baseline.mjs,relocate to owner; preserve bytes,ef356a6eb9111d99f699a35ae09ca41abfede9e6390247696b2afcfb2a0ad8bb,ef356a6eb9111d99f699a35ae09ca41abfede9e6390247696b2afcfb2a0ad8bb,1d4fa7af0414269492a1388d85876cb186fcfc8d
apps/web/docs/designs/specs/prototypes/shared/prototype-toggles.css,apps/web/prototype/shared/prototype-toggles.css,prototype source and supporting assets,apps/web/scripts/*prototype*.test.*; apps/web/scripts/capture-prototype-baseline.mjs,relocate to owner; preserve bytes,5ed02d4a479492aef6ab754f8c96f06f8356968b79695058fd6fc491a9953833,5ed02d4a479492aef6ab754f8c96f06f8356968b79695058fd6fc491a9953833,1d4fa7af0414269492a1388d85876cb186fcfc8d
apps/web/docs/designs/specs/prototypes/shared/screener-workflow.js,apps/web/prototype/shared/screener-workflow.js,prototype source and supporting assets,apps/web/scripts/*prototype*.test.*; apps/web/scripts/capture-prototype-baseline.mjs,relocate to owner; preserve bytes,94db527220dc9987bc3b634ce6a43662f363d89f0c1d7276fe5133f206dd5e6f,94db527220dc9987bc3b634ce6a43662f363d89f0c1d7276fe5133f206dd5e6f,1d4fa7af0414269492a1388d85876cb186fcfc8d
apps/web/docs/designs/specs/prototypes/shared/tab-variants.md,apps/web/prototype/shared/tab-variants.md,prototype source and supporting assets,apps/web/scripts/*prototype*.test.*; apps/web/scripts/capture-prototype-baseline.mjs,relocate to owner; preserve bytes,42df81f7ace8e27b28bc20c47e6cdbbf0096f49aab3de4148dd45eb4c9775e51,42df81f7ace8e27b28bc20c47e6cdbbf0096f49aab3de4148dd45eb4c9775e51,1d4fa7af0414269492a1388d85876cb186fcfc8d
apps/web/docs/designs/specs/prototypes/shared/theme-switcher.css,apps/web/prototype/shared/theme-switcher.css,prototype source and supporting assets,apps/web/scripts/*prototype*.test.*; apps/web/scripts/capture-prototype-baseline.mjs,relocate to owner; preserve bytes,2da7dc55b440f7ae206aa88e95669eed4bee6aad613440f5ead710e5102c864f,2da7dc55b440f7ae206aa88e95669eed4bee6aad613440f5ead710e5102c864f,1d4fa7af0414269492a1388d85876cb186fcfc8d
apps/web/docs/designs/specs/prototypes/shared/theme-switcher.js,apps/web/prototype/shared/theme-switcher.js,prototype source and supporting assets,apps/web/scripts/*prototype*.test.*; apps/web/scripts/capture-prototype-baseline.mjs,relocate to owner; preserve bytes,04185a0a1ffc54219cf2703dbf4856921633bc86203c77cdb9fdb672e864de14,04185a0a1ffc54219cf2703dbf4856921633bc86203c77cdb9fdb672e864de14,1d4fa7af0414269492a1388d85876cb186fcfc8d
apps/web/docs/designs/specs/prototypes/style-b-graphite-studio/token-showcase.html,apps/web/prototype/style-b-graphite-studio/token-showcase.html,prototype source and supporting assets,apps/web/scripts/*prototype*.test.*; apps/web/scripts/capture-prototype-baseline.mjs,relocate to owner; update path references only,759c9081122ff0a0452e3394fe95f9627f8d71b203922c7657e2831c745b1bf3,b47d60c554d34aff3ee84c74b1fddb4e27e0f45cef6c232afcc985de4e538f36,1d4fa7af0414269492a1388d85876cb186fcfc8d
apps/web/docs/designs/specs/prototypes/tokens-style.css,apps/web/prototype/tokens-style.css,prototype source and supporting assets,apps/web/scripts/*prototype*.test.*; apps/web/scripts/capture-prototype-baseline.mjs,relocate to owner; preserve bytes,2be543510763d1efed68c7cdc3e358f6ac416baf6497893f77753c91bca6afe8,2be543510763d1efed68c7cdc3e358f6ac416baf6497893f77753c91bca6afe8,1d4fa7af0414269492a1388d85876cb186fcfc8d
docs/configuration.md,apps/backend/docs/configuration.md,owner guide,docs/README.md; owner AGENTS.md,relocate to owner; update path references only,61d0dd34e0f945270fdef319f0329a8bca3bc87940baa163c514c65eca503e82,0c986147baae4b27dd53d10ee5ce10a897dc4b7e01d58fac3ea075a41277c361,1d4fa7af0414269492a1388d85876cb186fcfc8d
docs/contracts/r3-v1-api-surface.json,apps/backend/tests/fixtures/contracts/r3-v1-api-surface.json,approved API baseline,apps/backend/tests/unit/api/test_r3_api_surface_contract_unit.py,relocate to owner; preserve bytes,fb0625c0ce8e74784abd2aa6c1b7c969927bff77de5b40083d47faa907ae19ba,fb0625c0ce8e74784abd2aa6c1b7c969927bff77de5b40083d47faa907ae19ba,1d4fa7af0414269492a1388d85876cb186fcfc8d
docs/contracts/r3-v1-api-surface.md,apps/backend/tests/fixtures/contracts/r3-v1-api-surface.md,approved API baseline,apps/backend/tests/unit/api/test_r3_api_surface_contract_unit.py,relocate to owner; preserve bytes,282d5fe7a22f2d698106702741360a9fcf1baa72bcb6dad9b25fb94c3ad085fb,282d5fe7a22f2d698106702741360a9fcf1baa72bcb6dad9b25fb94c3ad085fb,1d4fa7af0414269492a1388d85876cb186fcfc8d
docs/data-manual.md,packages/data/docs/data-manual.md,owner guide,docs/README.md; owner AGENTS.md,relocate to owner; update path references only,852c83309af456c403573357347c2dbb71566075702420bbefa1c2eaaf24b95a,bd82229ae5d69b7e80fb2e74247aa51e65da547f3d03e3cdcd852f1eef21dc50,1d4fa7af0414269492a1388d85876cb186fcfc8d
docs/design/unified-feature-factor-engine/README.md,packages/features/docs/design/unified-feature-factor-engine/README.md,capability design and decisions,packages/features/AGENTS.md; docs/design/README.md; design links,relocate to owner; update path references only,9631e222cd527f32c2a5adf2f5e813883ae9ce13df4495c6d5aebf31f9f53ea9,18fc4d97b4cb98a619a06d7fe9cdf8534275164fa09c89cd7195533893359e14,1d4fa7af0414269492a1388d85876cb186fcfc8d
docs/design/unified-feature-factor-engine/archive/2026-03-04-main-design-baseline.md,packages/features/docs/design/unified-feature-factor-engine/archive/2026-03-04-main-design-baseline.md,capability design and decisions,packages/features/AGENTS.md; docs/design/README.md; design links,relocate to owner; preserve bytes,0afb8ed48e085ffbec0f89cfc030f03793a292ef11a25c11b119fed0bcc05c73,0afb8ed48e085ffbec0f89cfc030f03793a292ef11a25c11b119fed0bcc05c73,1d4fa7af0414269492a1388d85876cb186fcfc8d
docs/design/unified-feature-factor-engine/archive/README.md,packages/features/docs/design/unified-feature-factor-engine/archive/README.md,capability design and decisions,packages/features/AGENTS.md; docs/design/README.md; design links,relocate to owner; preserve bytes,edf112e0679b0ef953ef862e644eeebbf74d9dc81e8dbe6acc407c3a460bc12c,edf112e0679b0ef953ef862e644eeebbf74d9dc81e8dbe6acc407c3a460bc12c,1d4fa7af0414269492a1388d85876cb186fcfc8d
docs/design/unified-feature-factor-engine/archive/adr-016-catalog-storage.md,packages/features/docs/design/unified-feature-factor-engine/archive/adr-016-catalog-storage.md,capability design and decisions,packages/features/AGENTS.md; docs/design/README.md; design links,relocate to owner; preserve bytes,190574852770d1987167629cabc7da4ed8ed1ca8d3bc0da16bc1d1b9cdf07262,190574852770d1987167629cabc7da4ed8ed1ca8d3bc0da16bc1d1b9cdf07262,1d4fa7af0414269492a1388d85876cb186fcfc8d
docs/design/unified-feature-factor-engine/archive/design-analysis-report.md,packages/features/docs/design/unified-feature-factor-engine/archive/design-analysis-report.md,capability design and decisions,packages/features/AGENTS.md; docs/design/README.md; design links,relocate to owner; preserve bytes,a2b76a76bc4b6d75fbbe5234e7fd4ee561b5bb640775cf08f5121ce891d9236e,a2b76a76bc4b6d75fbbe5234e7fd4ee561b5bb640775cf08f5121ce891d9236e,1d4fa7af0414269492a1388d85876cb186fcfc8d
docs/design/unified-feature-factor-engine/archive/design-gaps-complete.md,packages/features/docs/design/unified-feature-factor-engine/archive/design-gaps-complete.md,capability design and decisions,packages/features/AGENTS.md; docs/design/README.md; design links,relocate to owner; preserve bytes,c3948dc3bd5e52a48c872c71b23699f43a770321c218a38bea0a52ce760a0479,c3948dc3bd5e52a48c872c71b23699f43a770321c218a38bea0a52ce760a0479,1d4fa7af0414269492a1388d85876cb186fcfc8d
docs/design/unified-feature-factor-engine/archive/gap-checklist.md,packages/features/docs/design/unified-feature-factor-engine/archive/gap-checklist.md,capability design and decisions,packages/features/AGENTS.md; docs/design/README.md; design links,relocate to owner; preserve bytes,8b8f5933f1cf25f184640ac1a0a810b3aaef429cbef94b13a384a481c4fc8703,8b8f5933f1cf25f184640ac1a0a810b3aaef429cbef94b13a384a481c4fc8703,1d4fa7af0414269492a1388d85876cb186fcfc8d
docs/design/unified-feature-factor-engine/archive/issues.md,packages/features/docs/design/unified-feature-factor-engine/archive/issues.md,capability design and decisions,packages/features/AGENTS.md; docs/design/README.md; design links,relocate to owner; preserve bytes,4587095bcc9b28da939f132a697bae8814a214b1cc374575f3753b5dd3dc7d43,4587095bcc9b28da939f132a697bae8814a214b1cc374575f3753b5dd3dc7d43,1d4fa7af0414269492a1388d85876cb186fcfc8d
docs/design/unified-feature-factor-engine/archive/optimization-backlog.md,packages/features/docs/design/unified-feature-factor-engine/archive/optimization-backlog.md,capability design and decisions,packages/features/AGENTS.md; docs/design/README.md; design links,relocate to owner; preserve bytes,0112d15e22909f0254f45b0d53b294f9d0a7fa36db17f86f0e8d97ce5672f717,0112d15e22909f0254f45b0d53b294f9d0a7fa36db17f86f0e8d97ce5672f717,1d4fa7af0414269492a1388d85876cb186fcfc8d
docs/design/unified-feature-factor-engine/archive/optimization-review.md,packages/features/docs/design/unified-feature-factor-engine/archive/optimization-review.md,capability design and decisions,packages/features/AGENTS.md; docs/design/README.md; design links,relocate to owner; preserve bytes,008c9b25d336cf28b3e353c7123ef769c4bd8f7572756925f19de1edd3111708,008c9b25d336cf28b3e353c7123ef769c4bd8f7572756925f19de1edd3111708,1d4fa7af0414269492a1388d85876cb186fcfc8d
docs/design/unified-feature-factor-engine/archive/review-2026-03-15.md,packages/features/docs/design/unified-feature-factor-engine/archive/review-2026-03-15.md,capability design and decisions,packages/features/AGENTS.md; docs/design/README.md; design links,relocate to owner; preserve bytes,8e0ac80662674d3fa0139b722eb737e1aa890a4980bc07b2da5582b09d58d8db,8e0ac80662674d3fa0139b722eb737e1aa890a4980bc07b2da5582b09d58d8db,1d4fa7af0414269492a1388d85876cb186fcfc8d
docs/design/unified-feature-factor-engine/archive/revision-questdb-hot-layer.md,packages/features/docs/design/unified-feature-factor-engine/archive/revision-questdb-hot-layer.md,capability design and decisions,packages/features/AGENTS.md; docs/design/README.md; design links,relocate to owner; preserve bytes,ab4353d9823dd5e1d31c8d912ab8dc3a066ed5345ad191d8050c9f93de9aba5a,ab4353d9823dd5e1d31c8d912ab8dc3a066ed5345ad191d8050c9f93de9aba5a,1d4fa7af0414269492a1388d85876cb186fcfc8d
docs/design/unified-feature-factor-engine/archive/technical-debt-review-2026-03-14.md,packages/features/docs/design/unified-feature-factor-engine/archive/technical-debt-review-2026-03-14.md,capability design and decisions,packages/features/AGENTS.md; docs/design/README.md; design links,relocate to owner; preserve bytes,f7e391bb0ca28cabe627407b68d0adfc2383a94485d3915df963b821ff2443fc,f7e391bb0ca28cabe627407b68d0adfc2383a94485d3915df963b821ff2443fc,1d4fa7af0414269492a1388d85876cb186fcfc8d
docs/design/unified-feature-factor-engine/decisions/00-index.md,packages/features/docs/design/unified-feature-factor-engine/decisions/00-index.md,capability design and decisions,packages/features/AGENTS.md; docs/design/README.md; design links,relocate to owner; update path references only,459043492232d4edf5a73895c27cfa750a0f8e5eaeb83797eaf1d95c6106eb00,4e515f93b57e689c67f4efcbb3fff0c9f2795be071f91a228bbc1345d039ca48,1d4fa7af0414269492a1388d85876cb186fcfc8d
docs/design/unified-feature-factor-engine/decisions/adr-001-ts-cs-nesting.md,packages/features/docs/design/unified-feature-factor-engine/decisions/adr-001-ts-cs-nesting.md,capability design and decisions,packages/features/AGENTS.md; docs/design/README.md; design links,relocate to owner; preserve bytes,be7ed0d41e9a1dd14447afba85ae66da739a2b02f19cca291019c97cf4082f03,be7ed0d41e9a1dd14447afba85ae66da739a2b02f19cca291019c97cf4082f03,1d4fa7af0414269492a1388d85876cb186fcfc8d
docs/design/unified-feature-factor-engine/decisions/adr-003-technical-indicators.md,packages/features/docs/design/unified-feature-factor-engine/decisions/adr-003-technical-indicators.md,capability design and decisions,packages/features/AGENTS.md; docs/design/README.md; design links,relocate to owner; preserve bytes,d1ce428e6ffa0852bf2565bfa70f39382d393808df534ac3259ce4099e0917ec,d1ce428e6ffa0852bf2565bfa70f39382d393808df534ac3259ce4099e0917ec,1d4fa7af0414269492a1388d85876cb186fcfc8d
docs/design/unified-feature-factor-engine/decisions/adr-005-first-batch-features.md,packages/features/docs/design/unified-feature-factor-engine/decisions/adr-005-first-batch-features.md,capability design and decisions,packages/features/AGENTS.md; docs/design/README.md; design links,relocate to owner; preserve bytes,afdc6e3af6da009515032c7e7886bca9b18001ac39f87f80b3d5dd2be271ac66,afdc6e3af6da009515032c7e7886bca9b18001ac39f87f80b3d5dd2be271ac66,1d4fa7af0414269492a1388d85876cb186fcfc8d
docs/design/unified-feature-factor-engine/decisions/adr-007-operator-catalog.md,packages/features/docs/design/unified-feature-factor-engine/decisions/adr-007-operator-catalog.md,capability design and decisions,packages/features/AGENTS.md; docs/design/README.md; design links,relocate to owner; preserve bytes,911126a357530fa0df148da0bc890075728bc3ebb0ccdf79fb9824488b3f6051,911126a357530fa0df148da0bc890075728bc3ebb0ccdf79fb9824488b3f6051,1d4fa7af0414269492a1388d85876cb186fcfc8d
docs/design/unified-feature-factor-engine/decisions/adr-008-normalization-pipeline.md,packages/features/docs/design/unified-feature-factor-engine/decisions/adr-008-normalization-pipeline.md,capability design and decisions,packages/features/AGENTS.md; docs/design/README.md; design links,relocate to owner; preserve bytes,a2cec4f6373d3ea7d3898e94b9c05af21a18695d56228c6c8d55a8e91e7b9c81,a2cec4f6373d3ea7d3898e94b9c05af21a18695d56228c6c8d55a8e91e7b9c81,1d4fa7af0414269492a1388d85876cb186fcfc8d
docs/design/unified-feature-factor-engine/decisions/adr-009-ingestion-flow.md,packages/features/docs/design/unified-feature-factor-engine/decisions/adr-009-ingestion-flow.md,capability design and decisions,packages/features/AGENTS.md; docs/design/README.md; design links,relocate to owner; preserve bytes,c4df8ecbf4b8a043bfb6cb3b3efaf9d33fd7ccaf6e718173a83ed18dde444ad9,c4df8ecbf4b8a043bfb6cb3b3efaf9d33fd7ccaf6e718173a83ed18dde444ad9,1d4fa7af0414269492a1388d85876cb186fcfc8d
docs/design/unified-feature-factor-engine/decisions/adr-010-catalog-schema.md,packages/features/docs/design/unified-feature-factor-engine/decisions/adr-010-catalog-schema.md,capability design and decisions,packages/features/AGENTS.md; docs/design/README.md; design links,relocate to owner; preserve bytes,b5ed5711e15343acb913895158b7baeee8c1f78cf9e39c08de12adb65902ec01,b5ed5711e15343acb913895158b7baeee8c1f78cf9e39c08de12adb65902ec01,1d4fa7af0414269492a1388d85876cb186fcfc8d
docs/design/unified-feature-factor-engine/decisions/adr-011-streaming-mode.md,packages/features/docs/design/unified-feature-factor-engine/decisions/adr-011-streaming-mode.md,capability design and decisions,packages/features/AGENTS.md; docs/design/README.md; design links,relocate to owner; preserve bytes,163deb1f31cdcdfc921a3f21ff3700defd4215b594d6ea2e9c2ef28ff1d4a826,163deb1f31cdcdfc921a3f21ff3700defd4215b594d6ea2e9c2ef28ff1d4a826,1d4fa7af0414269492a1388d85876cb186fcfc8d
docs/design/unified-feature-factor-engine/decisions/adr-013-ts-rank-precision.md,packages/features/docs/design/unified-feature-factor-engine/decisions/adr-013-ts-rank-precision.md,capability design and decisions,packages/features/AGENTS.md; docs/design/README.md; design links,relocate to owner; preserve bytes,9f8ab31637daf0715f02b307d5c73888534edf75b7df3cb7fb3684f96d5a2db4,9f8ab31637daf0715f02b307d5c73888534edf75b7df3cb7fb3684f96d5a2db4,1d4fa7af0414269492a1388d85876cb186fcfc8d
docs/design/unified-feature-factor-engine/decisions/adr-015-dag-optimization.md,packages/features/docs/design/unified-feature-factor-engine/decisions/adr-015-dag-optimization.md,capability design and decisions,packages/features/AGENTS.md; docs/design/README.md; design links,relocate to owner; preserve bytes,ccf172447d894017ae38282af8eba0e58de695f9ffad108600e6d3f5ec971cdf,ccf172447d894017ae38282af8eba0e58de695f9ffad108600e6d3f5ec971cdf,1d4fa7af0414269492a1388d85876cb186fcfc8d
docs/design/unified-feature-factor-engine/decisions/adr-017-factor-service-api.md,packages/features/docs/design/unified-feature-factor-engine/decisions/adr-017-factor-service-api.md,capability design and decisions,packages/features/AGENTS.md; docs/design/README.md; design links,relocate to owner; preserve bytes,02607aafd8d9160dd9ba15650e5c26e3d87ac66dd3e2f128b6d5f7062e38947e,02607aafd8d9160dd9ba15650e5c26e3d87ac66dd3e2f128b6d5f7062e38947e,1d4fa7af0414269492a1388d85876cb186fcfc8d
docs/design/unified-feature-factor-engine/decisions/adr-018-monitoring-alerting.md,packages/features/docs/design/unified-feature-factor-engine/decisions/adr-018-monitoring-alerting.md,capability design and decisions,packages/features/AGENTS.md; docs/design/README.md; design links,relocate to owner; preserve bytes,496bc5908ac21a6fc728977da69f59dfa49d5a04464b65a6c8f8ff9dfbe51c67,496bc5908ac21a6fc728977da69f59dfa49d5a04464b65a6c8f8ff9dfbe51c67,1d4fa7af0414269492a1388d85876cb186fcfc8d
docs/design/unified-feature-factor-engine/decisions/adr-019-testing-strategy.md,packages/features/docs/design/unified-feature-factor-engine/decisions/adr-019-testing-strategy.md,capability design and decisions,packages/features/AGENTS.md; docs/design/README.md; design links,relocate to owner; preserve bytes,9d480be0bb407e0edd6e4f2a0bb01cb4a0db9d598e1b5a113563231828bfcd63,9d480be0bb407e0edd6e4f2a0bb01cb4a0db9d598e1b5a113563231828bfcd63,1d4fa7af0414269492a1388d85876cb186fcfc8d
docs/design/unified-feature-factor-engine/decisions/adr-020-deployment-ops.md,packages/features/docs/design/unified-feature-factor-engine/decisions/adr-020-deployment-ops.md,capability design and decisions,packages/features/AGENTS.md; docs/design/README.md; design links,relocate to owner; preserve bytes,07f5f1ac82a248c1beb6b934f2de060d285c0b69f458a1dc30305d92968d6d6b,07f5f1ac82a248c1beb6b934f2de060d285c0b69f458a1dc30305d92968d6d6b,1d4fa7af0414269492a1388d85876cb186fcfc8d
docs/design/unified-feature-factor-engine/decisions/adr-023-disaster-recovery.md,packages/features/docs/design/unified-feature-factor-engine/decisions/adr-023-disaster-recovery.md,capability design and decisions,packages/features/AGENTS.md; docs/design/README.md; design links,relocate to owner; preserve bytes,6a5409221f251ddc9e9d9b1d12bff3abe51e91751f6c8c67125ba9efe5a88f29,6a5409221f251ddc9e9d9b1d12bff3abe51e91751f6c8c67125ba9efe5a88f29,1d4fa7af0414269492a1388d85876cb186fcfc8d
docs/design/unified-feature-factor-engine/decisions/adr-029-intraday-postmarket-paths.md,packages/features/docs/design/unified-feature-factor-engine/decisions/adr-029-intraday-postmarket-paths.md,capability design and decisions,packages/features/AGENTS.md; docs/design/README.md; design links,relocate to owner; preserve bytes,ed3ab9cd1b80961d343b7d031662f4c04d61b03e188dda37f88a66c0d47385c9,ed3ab9cd1b80961d343b7d031662f4c04d61b03e188dda37f88a66c0d47385c9,1d4fa7af0414269492a1388d85876cb186fcfc8d
docs/design/unified-feature-factor-engine/decisions/adr-030-online-data-access-boundary.md,packages/features/docs/design/unified-feature-factor-engine/decisions/adr-030-online-data-access-boundary.md,capability design and decisions,packages/features/AGENTS.md; docs/design/README.md; design links,relocate to owner; preserve bytes,8c9897f6a9d36d92090b4328a3c58d435fbf9b9f523e75a388681de95b6de2c7,8c9897f6a9d36d92090b4328a3c58d435fbf9b9f523e75a388681de95b6de2c7,1d4fa7af0414269492a1388d85876cb186fcfc8d
docs/design/unified-feature-factor-engine/decisions/adr-033-derived-query-architecture.md,packages/features/docs/design/unified-feature-factor-engine/decisions/adr-033-derived-query-architecture.md,capability design and decisions,packages/features/AGENTS.md; docs/design/README.md; design links,relocate to owner; preserve bytes,4ce1554620501d2bd5d55fc7258a0d8d2fdd108f491cfb8e4451dd5766c3fd99,4ce1554620501d2bd5d55fc7258a0d8d2fdd108f491cfb8e4451dd5766c3fd99,1d4fa7af0414269492a1388d85876cb186fcfc8d
docs/design/unified-feature-factor-engine/decisions/adr-035-invalidation-cascade.md,packages/features/docs/design/unified-feature-factor-engine/decisions/adr-035-invalidation-cascade.md,capability design and decisions,packages/features/AGENTS.md; docs/design/README.md; design links,relocate to owner; preserve bytes,d7d620ba190f3f38de82a33f577da71f75b0718c8971638fc5a8f3120ad6aa32,d7d620ba190f3f38de82a33f577da71f75b0718c8971638fc5a8f3120ad6aa32,1d4fa7af0414269492a1388d85876cb186fcfc8d
docs/design/unified-feature-factor-engine/decisions/computation/adr-002-operator-system.md,packages/features/docs/design/unified-feature-factor-engine/decisions/computation/adr-002-operator-system.md,capability design and decisions,packages/features/AGENTS.md; docs/design/README.md; design links,relocate to owner; preserve bytes,0ff7a2cf8da20434050d72b73cde8b57a04b03705ce9f520af4419565e71b4d7,0ff7a2cf8da20434050d72b73cde8b57a04b03705ce9f520af4419565e71b4d7,1d4fa7af0414269492a1388d85876cb186fcfc8d
docs/design/unified-feature-factor-engine/decisions/computation/adr-004-expression-syntax.md,packages/features/docs/design/unified-feature-factor-engine/decisions/computation/adr-004-expression-syntax.md,capability design and decisions,packages/features/AGENTS.md; docs/design/README.md; design links,relocate to owner; preserve bytes,f3f7d1270e37282813c82a2e04f9f961d7515d50d8770021bbdcd521e503dd08,f3f7d1270e37282813c82a2e04f9f961d7515d50d8770021bbdcd521e503dd08,1d4fa7af0414269492a1388d85876cb186fcfc8d
docs/design/unified-feature-factor-engine/decisions/computation/adr-006-incremental-computation.md,packages/features/docs/design/unified-feature-factor-engine/decisions/computation/adr-006-incremental-computation.md,capability design and decisions,packages/features/AGENTS.md; docs/design/README.md; design links,relocate to owner; preserve bytes,3329a4946c3a0fc81bfa7db378d428ad1dfedcbc54c40d045128304ef93a9710,3329a4946c3a0fc81bfa7db378d428ad1dfedcbc54c40d045128304ef93a9710,1d4fa7af0414269492a1388d85876cb186fcfc8d
docs/design/unified-feature-factor-engine/decisions/computation/adr-012-operator-incremental-impl.md,packages/features/docs/design/unified-feature-factor-engine/decisions/computation/adr-012-operator-incremental-impl.md,capability design and decisions,packages/features/AGENTS.md; docs/design/README.md; design links,relocate to owner; preserve bytes,5d227ee629eabde3f4787c44126d7bdf45c54014396b3c738607af2943586262,5d227ee629eabde3f4787c44126d7bdf45c54014396b3c738607af2943586262,1d4fa7af0414269492a1388d85876cb186fcfc8d
docs/design/unified-feature-factor-engine/decisions/computation/adr-014-expression-engine-core.md,packages/features/docs/design/unified-feature-factor-engine/decisions/computation/adr-014-expression-engine-core.md,capability design and decisions,packages/features/AGENTS.md; docs/design/README.md; design links,relocate to owner; preserve bytes,b6851bc01baf163259203fc5c67d71ba95d43fb055d8f4382d010c527c1781b9,b6851bc01baf163259203fc5c67d71ba95d43fb055d8f4382d010c527c1781b9,1d4fa7af0414269492a1388d85876cb186fcfc8d
docs/design/unified-feature-factor-engine/decisions/computation/adr-038-operator-versioning.md,packages/features/docs/design/unified-feature-factor-engine/decisions/computation/adr-038-operator-versioning.md,capability design and decisions,packages/features/AGENTS.md; docs/design/README.md; design links,relocate to owner; preserve bytes,de2d118451acce1f9f2c01dd7aab94a380b31cb6465309fb9f127e2c5e16e840,de2d118451acce1f9f2c01dd7aab94a380b31cb6465309fb9f127e2c5e16e840,1d4fa7af0414269492a1388d85876cb186fcfc8d
docs/design/unified-feature-factor-engine/decisions/computation/adr-039-expression-cache-persistence.md,packages/features/docs/design/unified-feature-factor-engine/decisions/computation/adr-039-expression-cache-persistence.md,capability design and decisions,packages/features/AGENTS.md; docs/design/README.md; design links,relocate to owner; preserve bytes,c1d37c74067193fc8ae0926eea50c20f2ce41211905d1f03bdbb739b70f08b07,c1d37c74067193fc8ae0926eea50c20f2ce41211905d1f03bdbb739b70f08b07,1d4fa7af0414269492a1388d85876cb186fcfc8d
docs/design/unified-feature-factor-engine/decisions/core/adr-024-factor-versioning.md,packages/features/docs/design/unified-feature-factor-engine/decisions/core/adr-024-factor-versioning.md,capability design and decisions,packages/features/AGENTS.md; docs/design/README.md; design links,relocate to owner; preserve bytes,3706d53c4774c11d42364570ce58c1e2b771bc631ce13e449acecebfc9b1a0be,3706d53c4774c11d42364570ce58c1e2b771bc631ce13e449acecebfc9b1a0be,1d4fa7af0414269492a1388d85876cb186fcfc8d
docs/design/unified-feature-factor-engine/decisions/core/adr-032-unified-derived-semantic-model.md,packages/features/docs/design/unified-feature-factor-engine/decisions/core/adr-032-unified-derived-semantic-model.md,capability design and decisions,packages/features/AGENTS.md; docs/design/README.md; design links,relocate to owner; preserve bytes,1f0d33f3bdcdb86cdc616744ba56806c5153956303153a278692de47dedd4d6f,1f0d33f3bdcdb86cdc616744ba56806c5153956303153a278692de47dedd4d6f,1d4fa7af0414269492a1388d85876cb186fcfc8d
docs/design/unified-feature-factor-engine/decisions/core/adr-034-publication-lifecycle.md,packages/features/docs/design/unified-feature-factor-engine/decisions/core/adr-034-publication-lifecycle.md,capability design and decisions,packages/features/AGENTS.md; docs/design/README.md; design links,relocate to owner; preserve bytes,336b567eac895216b329d9971250d1f5b6240413621d89b26eb08c3616271251,336b567eac895216b329d9971250d1f5b6240413621d89b26eb08c3616271251,1d4fa7af0414269492a1388d85876cb186fcfc8d
docs/design/unified-feature-factor-engine/decisions/quality/adr-021-pit-consistency.md,packages/features/docs/design/unified-feature-factor-engine/decisions/quality/adr-021-pit-consistency.md,capability design and decisions,packages/features/AGENTS.md; docs/design/README.md; design links,relocate to owner; preserve bytes,45dd740b0c38c6a5dc1ad2845810d16cc4d84f93d5df06ec28b2f1bc9d6a0ee7,45dd740b0c38c6a5dc1ad2845810d16cc4d84f93d5df06ec28b2f1bc9d6a0ee7,1d4fa7af0414269492a1388d85876cb186fcfc8d
docs/design/unified-feature-factor-engine/decisions/quality/adr-022-correction-handling.md,packages/features/docs/design/unified-feature-factor-engine/decisions/quality/adr-022-correction-handling.md,capability design and decisions,packages/features/AGENTS.md; docs/design/README.md; design links,relocate to owner; preserve bytes,2aeb0f8f4108b72391f7255ac42ac4b82d0b883089515d6ca34d8186343717cd,2aeb0f8f4108b72391f7255ac42ac4b82d0b883089515d6ca34d8186343717cd,1d4fa7af0414269492a1388d85876cb186fcfc8d
docs/design/unified-feature-factor-engine/decisions/quality/adr-036-quality-gates.md,packages/features/docs/design/unified-feature-factor-engine/decisions/quality/adr-036-quality-gates.md,capability design and decisions,packages/features/AGENTS.md; docs/design/README.md; design links,relocate to owner; preserve bytes,bbb565e4be8d9c84aff91833b3157d8bef384d98b943b52bad73d312e32b14fb,bbb565e4be8d9c84aff91833b3157d8bef384d98b943b52bad73d312e32b14fb,1d4fa7af0414269492a1388d85876cb186fcfc8d
docs/design/unified-feature-factor-engine/decisions/quality/adr-037-performance-slo.md,packages/features/docs/design/unified-feature-factor-engine/decisions/quality/adr-037-performance-slo.md,capability design and decisions,packages/features/AGENTS.md; docs/design/README.md; design links,relocate to owner; preserve bytes,ecb031e92034d816b17a28f5aa964ae2ff0f8a713ab2babe85892a0b5910b0db,ecb031e92034d816b17a28f5aa964ae2ff0f8a713ab2babe85892a0b5910b0db,1d4fa7af0414269492a1388d85876cb186fcfc8d
docs/design/unified-feature-factor-engine/decisions/research/adr-041-research-dataset-spine-availability-contract.md,packages/features/docs/design/unified-feature-factor-engine/decisions/research/adr-041-research-dataset-spine-availability-contract.md,capability design and decisions,packages/features/AGENTS.md; docs/design/README.md; design links,relocate to owner; update path references only,beb694e71b11ee0e64515c125aa63811861a0c7ca23a7b481535c77a71726d59,8c0dcb69c2d4cadf239ad6697c4f6ad90c03752d9715e5d7134fcb817fb62231,1d4fa7af0414269492a1388d85876cb186fcfc8d
docs/design/unified-feature-factor-engine/decisions/research/adr-042-shadow-publish-dual-read-diff-protocol.md,packages/features/docs/design/unified-feature-factor-engine/decisions/research/adr-042-shadow-publish-dual-read-diff-protocol.md,capability design and decisions,packages/features/AGENTS.md; docs/design/README.md; design links,relocate to owner; update path references only,7a624395e5e19aadb4c3873b882c3487433c5aa463362fa0e0d56cf5510b1f30,bbd43cb4ec129ebdb88226e620b488ec1be1e63d92b9c0c55acba6246f8275c2,1d4fa7af0414269492a1388d85876cb186fcfc8d
docs/design/unified-feature-factor-engine/decisions/research/adr-043-role-profile-certification-compatibility-manifest.md,packages/features/docs/design/unified-feature-factor-engine/decisions/research/adr-043-role-profile-certification-compatibility-manifest.md,capability design and decisions,packages/features/AGENTS.md; docs/design/README.md; design links,relocate to owner; update path references only,d0edcd547be85189163e0735723bc8be00e149ffb94ac8e6205b6d5df0ec55b4,e8681a292e30024c25be3b7299c9e3442845c9a013dadfefaa27d6680193ad80,1d4fa7af0414269492a1388d85876cb186fcfc8d
docs/design/unified-feature-factor-engine/decisions/storage/adr-026-duckdb-positioning.md,packages/features/docs/design/unified-feature-factor-engine/decisions/storage/adr-026-duckdb-positioning.md,capability design and decisions,packages/features/AGENTS.md; docs/design/README.md; design links,relocate to owner; preserve bytes,405d90cb81f7e3d971808edb20e73a0702da0c727db98d77a558f8f538840d42,405d90cb81f7e3d971808edb20e73a0702da0c727db98d77a558f8f538840d42,1d4fa7af0414269492a1388d85876cb186fcfc8d
docs/design/unified-feature-factor-engine/decisions/storage/adr-027-pushdown-strategy.md,packages/features/docs/design/unified-feature-factor-engine/decisions/storage/adr-027-pushdown-strategy.md,capability design and decisions,packages/features/AGENTS.md; docs/design/README.md; design links,relocate to owner; preserve bytes,1b43b706b560ade3337b189ca9df888d261160019fba6d853f00f47c36120872,1b43b706b560ade3337b189ca9df888d261160019fba6d853f00f47c36120872,1d4fa7af0414269492a1388d85876cb186fcfc8d
docs/design/unified-feature-factor-engine/decisions/storage/adr-028-questdb-hot-tables.md,packages/features/docs/design/unified-feature-factor-engine/decisions/storage/adr-028-questdb-hot-tables.md,capability design and decisions,packages/features/AGENTS.md; docs/design/README.md; design links,relocate to owner; preserve bytes,cee0767db764adc5c5e881ac953204192a6ea04cd36423b692f2a47d14eee4ae,cee0767db764adc5c5e881ac953204192a6ea04cd36423b692f2a47d14eee4ae,1d4fa7af0414269492a1388d85876cb186fcfc8d
docs/design/unified-feature-factor-engine/decisions/storage/adr-031-state-snapshot-abi.md,packages/features/docs/design/unified-feature-factor-engine/decisions/storage/adr-031-state-snapshot-abi.md,capability design and decisions,packages/features/AGENTS.md; docs/design/README.md; design links,relocate to owner; preserve bytes,8ee063a2e4a4f6deeb0ab30db22316d8651a41c9d264f95c49e99ce238f920c5,8ee063a2e4a4f6deeb0ab30db22316d8651a41c9d264f95c49e99ce238f920c5,1d4fa7af0414269492a1388d85876cb186fcfc8d
docs/design/unified-feature-factor-engine/decisions/storage/adr-040-hot-cold-retention-state-namespace-policy.md,packages/features/docs/design/unified-feature-factor-engine/decisions/storage/adr-040-hot-cold-retention-state-namespace-policy.md,capability design and decisions,packages/features/AGENTS.md; docs/design/README.md; design links,relocate to owner; update path references only,3a46ac35157593f2bea21907ab4aad25bcecd034abe9c96a2fceaf6e583054f4,0b66c2305917f3115fb2701a6f3fffbf0fb4c4ef154fdaf5da19b88b38b18a4d,1d4fa7af0414269492a1388d85876cb186fcfc8d
docs/design/unified-feature-factor-engine/main-design.md,packages/features/docs/design/unified-feature-factor-engine/main-design.md,capability design and decisions,packages/features/AGENTS.md; docs/design/README.md; design links,relocate to owner; update path references only,2ce4898b4b2c23b438e16240ae3421aed5a79798013fdc8e1f6c51388fbefeb3,23c3d214713cbaa4eec86997d1006d40f1cdda1b9911aac73bd56522fc849902,1d4fa7af0414269492a1388d85876cb186fcfc8d
docs/design/unified-feature-factor-engine/reference/catalog-schema.md,packages/features/docs/design/unified-feature-factor-engine/reference/catalog-schema.md,capability design and decisions,packages/features/AGENTS.md; docs/design/README.md; design links,relocate to owner; preserve bytes,5309615ddeb28da77812115036b421f936e16ee93a4fa9f6c3a72bf6270138d2,5309615ddeb28da77812115036b421f936e16ee93a4fa9f6c3a72bf6270138d2,1d4fa7af0414269492a1388d85876cb186fcfc8d
docs/design/unified-feature-factor-engine/reference/factor-expression-syntax.md,packages/features/docs/design/unified-feature-factor-engine/reference/factor-expression-syntax.md,capability design and decisions,packages/features/AGENTS.md; docs/design/README.md; design links,relocate to owner; preserve bytes,01df197cd89a383b0e6a81349bb6fae153ecddd3d07a21a61f8e3a52af2da059,01df197cd89a383b0e6a81349bb6fae153ecddd3d07a21a61f8e3a52af2da059,1d4fa7af0414269492a1388d85876cb186fcfc8d
docs/design/unified-feature-factor-engine/reference/industry-benchmarks.md,packages/features/docs/design/unified-feature-factor-engine/reference/industry-benchmarks.md,capability design and decisions,packages/features/AGENTS.md; docs/design/README.md; design links,relocate to owner; preserve bytes,45f2619d71ef4a50506905f2f9c3936d846b6110c1198d0203f59c9257258e87,45f2619d71ef4a50506905f2f9c3936d846b6110c1198d0203f59c9257258e87,1d4fa7af0414269492a1388d85876cb186fcfc8d
docs/design/unified-feature-factor-engine/reference/operator-reference.md,packages/features/docs/design/unified-feature-factor-engine/reference/operator-reference.md,capability design and decisions,packages/features/AGENTS.md; docs/design/README.md; design links,relocate to owner; preserve bytes,ec127523218e8b266c25469f996964be6f443f65cf20c30e5d5cf3ebc417e5a1,ec127523218e8b266c25469f996964be6f443f65cf20c30e5d5cf3ebc417e5a1,1d4fa7af0414269492a1388d85876cb186fcfc8d
docs/design/unified-feature-factor-engine/reference/technical-implementation.md,packages/features/docs/design/unified-feature-factor-engine/reference/technical-implementation.md,capability design and decisions,packages/features/AGENTS.md; docs/design/README.md; design links,relocate to owner; preserve bytes,c7d12a4711899a33b535ac4b61b97143a43f7d5429c3643b9eaa5ca407bc5bea,c7d12a4711899a33b535ac4b61b97143a43f7d5429c3643b9eaa5ca407bc5bea,1d4fa7af0414269492a1388d85876cb186fcfc8d
docs/design/unified-feature-factor-engine/reference/worldquant-alpha101.md,packages/features/docs/design/unified-feature-factor-engine/reference/worldquant-alpha101.md,capability design and decisions,packages/features/AGENTS.md; docs/design/README.md; design links,relocate to owner; preserve bytes,aeae432cb02e70497d5f2202d892a7ff45cf1a552712ccf43ac06e621201357e,aeae432cb02e70497d5f2202d892a7ff45cf1a552712ccf43ac06e621201357e,1d4fa7af0414269492a1388d85876cb186fcfc8d
docs/operations/dataset-promotion.md,packages/data/docs/dataset-promotion.md,owner guide,docs/README.md; owner AGENTS.md,relocate to owner; update path references only,cf16ac07dfa1978048398e977a0961173cc391b0f1bdf7a9faaa5951a840cb5f,475b6bc6a570cb4a2a6498680f012a963c243c2a28912d8d8054f7bc596d724e,1d4fa7af0414269492a1388d85876cb186fcfc8d
docs/operations/factor-ic-diagnosis.md,packages/features/docs/factor-ic-diagnosis.md,owner guide,docs/README.md; owner AGENTS.md,relocate to owner; update path references only,7ca114ea13eeedf3aef0f17fd820fa53c07f86cf674344bd0625123dfa8e5d91,37dd186dab32a6d84de7e07c4025d813e76c9294d30971110573b352337ce4bd,1d4fa7af0414269492a1388d85876cb186fcfc8d
docs/plans/2026-07-19-r3-task7-research-schema-v1.sql,packages/analysis/tests/fixtures/migrations/research-schema-v1.sql,SQL test baseline,packages/analysis/tests/integration/test_experiment_database_migration.py,relocate to owner; preserve bytes,697d10854fb12e324ddcff349bad55b9b442425b244cb5f1852d7192cfb7a8fd,697d10854fb12e324ddcff349bad55b9b442425b244cb5f1852d7192cfb7a8fd,1d4fa7af0414269492a1388d85876cb186fcfc8d
