old	new
005a1c87d5ebb116bc2818694ffac31c28ba047c	6b1e02113a5a858ceb114abdfff83fc95eb54773
00c2e92d3e99922154433b26caaf526614430bd9	c41b215fd6b51dbaf5e29200d28875c3c9e81c11
0126225e9dd14ee48b0e4d68f1eff4c846259cfa	de5ab1c52da529c38833bd9573bf21cd816a3e76
018ca206364cbc8a90334c9c53763c670f77e818	8a211a10d25228e518d7516584d4bfcd76d2d7a9
018e47e6c989ba266624bc49f45fff819224de58	0d06d42b31339820242117960e2ca374959447e0
01f95cdd87ecf807fb3f9a093777638973dfc568	b7c87cd7cd58fbe530990ef5d6ee3de533189762
021be70fd7ffed1e955828589954874ea418232e	633ebef8e4d851dfe9969550bdd74c3242d41307
02ec4af751f24712e62453d4f5f30373b49ac0d7	23c1bd418abb87cc0fe7390bb5ef3bdecf46f755
035de37398afb01d24e29f560de94ac2e64716e0	093fa97a8eddbe6d955c712f1138c025ae97b144
038ac8fcee2265f1b32799a9321f34493c25d1ff	19cd1583f329fba1b178996ee0f56bbf4734601a
039df930778d7eea3ad21b960f47e4e4eb0069db	cf8f5e892914f6da8c24753668637126767a2750
039e133592dd54a78c0480b84545d2ad05425eb4	08be9aa4ccbd78e37a2afc6ec7955bdf0bbb6bc7
03b03c240ec53303a5a97bdf8621995df4626eae	6eef432385d86441daf9329809ae410e5b673b53
03d92ad0c11051440cfd544d958dd4672efa1efb	f2c6b81eabcdf6095ad17707473e9a1eccebda59
04381da9450996c79be92beec87c2018c91c1d74	9f397711baf5dd38af12c4716eab7db5ac73c959
04c34f4d81da9bddcecbfb6a63c495727290365a	260c1ad8c8fc2642662937ddb23c00f5069702f9
04df2f273bb65c608af74dfed54b3cef6177a05a	38f655a724391bd9b7150799cdf5b82b2b17662e
055acf6b52422d9037d6503e61a133dac1e77fb5	de3ebb679078078f7c243b215a9e8668d3b05a0f
0569d479c936af2a48907f34df7f47a78778586b	e1441f8f28b20c9e36247c4889370d075caaea23
057123bd4d6af5369c94d60616855e468636e148	67a71a43327f3acd4c0626f8e9f19d6b644e82da
06448887fd059e3e3ffa538d87d460ed2591e20c	e543736048de61ee5b82c6e4dcf1b8e5a6fe1415
06d266ea9ae3f8b8b0fc53c77973c48d9e3a9094	edef3e523d9a2f277627caf1205d234afa8b0411
072249567e836e309fa2e3b76ac1344f5a4353e4	1b1d8920bc498f8995bd56b691be9fad6a4ba80c
072bbaf0ba569ce0f5b4c5b9a4abf38b463f0ead	5652efbfd9afcfd92d9ccc0b1d3680cf16650f2f
07590bd2f233130762d30d2250f8bb319518fba1	00c209f6c15f1bc27d250fe86c2f1f39414664b5
07a0d42b772c684f610db23fb7ec171292843523	31cc51336371adc1052d8e23ff5d4b37e31da4af
08a28d39d67451ad2a8c65711694832fd3bf88ca	e32f1c24de529dfd51e6bdad08878e47129f5f30
09e1ee39f59ec13314d8967b5b8ce585fc12ae29	e02510c17641e02873c871f9e90677d28c9476ca
0a6ea55b39dd1624b44572fee136cb58faca7e6f	027333729925a632e41d73fcf88d1696b3639a43
0b03155fbb07219ac78a4be37a0bf48677e07607	45d3eeff2b18c9bf6dd7c51a9e5a9f770556c2dd
0b36af2b662df94757d0276a44aa3fbb27b4188a	2338e4fd1b86d62c797f14d17ae71b6b51461e29
0b9b77ccc09c565ceb325b8241221d1d9add4c91	be7372460e8d71e36a6493a6f3a2a2c110878f0b
0bdc2afbe9cb8b1500a37e1256b8993ebd6aec41	54daaa538c91b2e1e86cab2578f9fc0d881109c2
0bf6211c8deee5fb0d4de527ce934b1d3d7b2662	5c000e7031f26387e37cf7bb939656d4d501d926
0cb1e6853acd54013f541698e42790b9a086fa2c	ac6a179fa65fb4ff5ce15f51d775b3ff5334a5ba
0d0326cd1e171d4e14e5d8c78bc0b365cae34d4f	5a61b6041a138d5448949d4e517085ad82e3217f
0f15f48257ae6769a693bf33699c14ee6fedc920	2af6587780d45b14ea7114933421f1ac7dbce997
0f3ac7f1a985d0d229b30fe96f7c0a3bb7ea5a93	81147751ab56d7169085d4c844cb9e724ddf61df
0fccaf7ef0f55a7940d4f83e8fdc75b59e1c211a	1b33161c54f1994f64220eeea6e5b021c5d50647
120c9ba4ef828ed246f7bdeeb7ecbdce0e34ac68	c3dc271d420e378ced11f5a521af167868c1d26b
1260c505c42890980bf4e372ebefbcb3ee582ba2	dc5dc8b49b0fe54417a489c10577ab1cac9aedab
12d9710edfca9b28f840d8d60524ea6a49933719	ce897fd599479f3d5c1e3326dd3fa0cd1bb091ef
139a9ebaa5d4ef68fe8d11dfb181b66065366dfe	848ab8e8745f192d82338208ca6fa6fc9d4c6a08
15e8c0e374ed3aff44437f96d27c87257fdf45f1	c8f2f648c082159559db6338b7e24238ee7826d6
1663f8acbc62833a4929546af9128a4df968a7da	7eaf8cec4795fe3054faab2379e7b6cfec90ae33
16fe443a7d3f9fb2fd13b6373ba5efdeb26b6951	6face0a6d9df1514ebe4fb89ff54feed2329af38
173befdcc415ce83eeec5b8f27321b7f8f00856b	c7152082ec95237b1597d8f80f8556b0b0b7069c
177304acfbff78fc1bfa420975a6f76bcf3a6810	883775ebd8098f6ab0edec87f0bc04c4674b3419
18c1f939d097d475daa55275f0383e9931659693	74a9692b23f85387d18124c8c06931982ea796ec
190956527072f938c8863a0f708abd271718c0d0	22a4739734ca0fc618bb31e60b9a1abeb170f203
1985b3a1d8be2720a97aee2a9ed7e4a177285637	cca0dea26a760ed56f2fb746a06a3042ff2d6b6e
1b16e5dba7fe28251c766925c4b340ad09b3de9e	c317065f056ea19dfb89d7c336a8750e6efc976b
1b16eb0ce6171ea6cac97a4ea5b8db72fdc9874c	ed1d087b3d13cdcff70d684bcb9f25c959efd4c5
1be0c42205b0c4b5be1e5c7eac125fc8a471d78a	16665774b58c5c41baa3dd5804d588c276cfafae
1c11e72a07b6f6bc2a2a6403f516f1357ac00a94	df5b5aa65a454dba8baa43215ab67addf152579c
1c16ba192d22e9d499cd0e3b09941402372643d4	974edaee7e25d61e1d80ffbca82a736d77647cc0
1ceb40457ef5ebd829b6c71a3a7983f77f5b27de	3a094a64dddeab052f9007c0f4363239112a89b7
1d278ae51cfd63c78c6053d928fa97d68e4a5fc3	0d6de5c96397d30a1d4243d9672d0aab2874f088
1f9c0c1917fae4a0bd50f4a220af5da33e406ef5	bb195199995958d1ac21644f980267040705aec8
1fe25cb82b9ff292cf228fa4480cdcf12a90c8c8	c523c343e879cd427419f1c698f5dc9973b04892
1fefa35f3f22018f396f7982c72186203493c6fa	d3e7a636dde3b8defd8991b172a3536a11260432
202a244ef24996bd07f3fbfc7c749d9746915e30	0f9ccc1937bb827df91e87cec4506c9cfb1114c0
209a2505bd112d984941ce5ee922221f4f615543	b855a0aa9ee57788b336bfce5d5f1cbc3f42a9e7
212db4d3ab821ee07221aea45468868ee7430690	ac8d9a9e150b3e60bc89f70515b72aed3e7ff6e8
213f360b8be9a2e72f2337f9d5da276393a1db2b	404ff23c7a66ac58397e9a370360337aefa28209
21a11b01f88e362c969c1f853e635d9a1f744f20	f8ecdb16208c562ed974daf626c42e54f3321c8d
22166f22164c8f1468fb1a8c96060f4b3c8b6e3f	d0d76d46dcc473c81eee0d9ce1616edba19517a9
2224935736d525dbadc9cf888e195a6f837be693	f33eb335bc4c039361fd2e114f3cdb384383b7fa
22478617243a75f179d2acfdc0807d85e9785385	b4352b50474fec320c78ca545b390f9c299325cf
23ab0081a983ddf8bbfd3c0b4b107aa1c9373d01	3d03ce1c7bd4c78f4df3a88c288f96d8d23781d6
23b71e6901b798d37f91af92c4daf2a4e5eab9b1	5bfc33422f1d1e762083701e81c3d6e84f148e94
23e690bb808d9b9539745de871a137a50b0dfcc8	cd51ddbd4856dac519089dc80bc9a3661417f45c
246fc5f2c230f248f73d3126357a613f79cdf557	667fc9eb7462d65a8f685aca2e340078e45d04e4
24dfa4ecf53e4a2a5c6e2ae492e5158664595439	d7866d70cb035dc7b48b438f63623b042f064580
24fdb71dc0e3cb76262c93eb49d9a09d54c0198e	7c76027e5083287ce0be4d4d2bae926d0f47dd04
24ff86bff5801abcb76b5e28b3b8ee5e970b7291	44337c553b49a0f56f14177270bafa7c44cfa1ef
251bac02b92275602e43f9f11f988320e9bf70d7	777db3ca77ca94c4992b87fe5b6cace6fa8c50c4
2593269743f2e07b7817e75724339059e0d95ebd	d3f5054e7d1562bf4bad035cdf82c05396f9ff16
26a206e1e4149f9f1e79aa3f1878e7fd457f8407	2dea99ca5c93548baf57aa32583dacb2059a0afa
26cde51d79fe101120dc55e778a2796f14a9d458	13fbe45b29fa5e20ab9b3990a2d9c611ae2475dc
276567421a767002251d3adc920b86c7802b3669	5639ebe48e47fb184cdae8cba15568facc5951c7
278ece933c464eea3a165f25a4a8027d397e7a7f	158995591cf734071fd9298c762da975f30261d4
27c40d21e6b53fea6cfe2cb7532d7f81c80ef7c2	8f59aac1931535245623f1c84de60e6581a545e0
2835f332105b2f8c535ae0e89d24c83ffb7d214e	2b0acd159abaebecd4978e3389f752cb10d799ce
289605f07d360d4399238b5a7261d84e67c8b20d	09fba5fe4903d2cd69b4b88d8587e7030ed7f36b
294d708023b88ddcd65f3ff8f54f6f2113b24697	0971bbf6300295b8f94d08e9bdd21d0b92303115
2a1996b49492cc21759b300f4e0dd91f7f1181cf	03e578d9f96530af2564a774486ac0a47da0c5ae
2a28060f5b3442fad7426baf87d14fd0f7467bb5	6166f4a0b72521ed956510f19430ec499424f82d
2a5450986952418fe58996f6c751235cb3a2189e	fbd7a66ad1d9da9a38273c862548ce8d1ed1241d
2ad739de760ccc5c31c86cded67f7470cbdab967	a37996dd10f4000b68292ac42e60bd650e688698
2b1b8868a44a3f818a36f02d35317fa95e46306c	2a1e5a831910d020c69fa754a67df99dfcc6779d
2ba1c4d2341882365b9e312842db7e43bc6c8c97	4a3740ee310c3d435183a73738c4e942917ba9b8
2bfe97e4149d55e889498488c65fdb2682ce72be	79daa0fee4cf0f7a355b387129528c21060a5d35
2c37e88b3438ec99708a63ba2edb3617babe6f4b	1af4533fb3c93f7578a9f15edc3d161653483b84
2d3171efc4a3ccac76313d53758adede702f9140	f6b0984a4c5f1a4fc7508276e111cc0612b43ab4
2d74bfb3f10284ba188d865c013c4457719fbce7	555c1b4e6579b3230c6ec24904cff731a190274f
2e4811e26c9ec4212a2f3a71bd27b59e470a6588	110330debc1ce1ce6d7e3968c1c361e8d847ae5a
2ee84a75ba8347114654d209c4c5cdc6d414e394	0a52825831ad2ef16e7eb93e9e32a56f17d247f3
2f522d9f1d4fb2d05a7a7c83338df4032bafa897	1e5fa1b7ef16ca4708e8fdfc72480acce3ff95c7
2f6f08d94522a3162f3c10dfa1f26bb0ef087bf0	c35fac279a3febd1a73045ec342d7690a21cc6cf
30882bf07e6827413ac7b15dfece9e9939e4d9c0	105c9aaed58cef037dcc0e38d42e6f9887d1ea3e
30cbc8d404b84cfd43791921be0f8a68c2807ad5	5ca8a649aa0f8c3ac4b44044ce0cb2a49dfd6a74
30f6d60405179b1dbaa7849fc7a49c951dde5202	1e00039f2b4bf5d2a6a19aea188300fa988040ff
31359ad20ee5d73277741b07744305a601e4f2c5	35b8871dfb6cd65025477d35531266a08d3ec253
3148eba6ea543cffe8c9355601809b24a2e00e7a	1b372a3d11d21a420ae66efbda0c969842928f3e
316d66e20d89c24267ee97dcecebd0a783d1717e	0ebc1584281a8f08b7300996cb9dd469a10276a6
316dc884f158715dbf8512af183811841a3625ea	dbb3cdc83bc61d84329100983d0f53f2e4fa2ed0
3210a8bd636d6c56497cfef2e8a57a68cf460a14	06c0dc1978a4363843b196ebc49ea0eb35a1712e
3232676d8cb3351592e93d12792b479bea55166c	9f4934fe8a11e2a438efc517f7002eb119db4241
32723454d16381e8387f021758dc3a4e49db0abd	6f7c0c9cff3046cdee5e24831d5483070f321f19
333818c6ba2547448e799d42a0270edda4cc8181	3d489e13de131f5d8e6e6aab3f706a7e245c281a
33795dfbdf1542953ca62d2149a8539859dc3fa4	17860c683236d4c018060e8a68cd4e92762763df
33b5ba7729ce3bbf2d933a406a2578e6d3c255c8	ccfc0913e7eb8e7d3b2ef179f841d92880bc1ca9
33ea2d69c4762a3e5b3bad2e0876426416e079e8	6b9ea7f869079eeb4b704542a27c26dfcc106923
341bb876d0eb5d9c31f83f6b7d3eb15cbb40caaf	976999dc35304ba378b8870a602621cb3c122c24
34f3c6649c670802beef44f994545b9a2537bf5c	df2faacdb7d26bb0f88d02a6fa00ed608e553d62
3511a6e7f70161fc73ceccf356ac3f18219a4fe1	d53f9a36928b5dcfc7565489b7da6fcf8ff90013
354f693a0043191b6d8daf9f6874d439180bbdef	1be43070eac43fd7a318ee4b1a6cd959a142c62c
3590c7931150776c5336be2cbc42f37232ce546f	df10c89ac7c3654f2ea392e9f57bdbed748fb0d0
359d5b25d9fc4ddae02c9410c7b1f31911d0a41f	256aa5a4294a73d04009f274dc7becdafe116788
35aa0083c237486fb0080b16a2b9ca3bbadd8e4b	a21a4e85db95483d5378f804035adec76eea04f7
36cace5f23d1ffcb02e05f545518676ef3cac66e	d003290e7527564f9ed3b317f3b4857ec3d7057a
36f1d65fa9c86e7cc9aa5bd1e7bd9c3fcd9d9fbf	439b59b84746eac404eaadda6aeed46fabe88dd7
37d2c2b3e03ea68b524f0e05d1b0907a66e80443	5e7d0080662ae6706d110de16aba2c7fea59a6f2
384f53a174019de73b0ca8f556451bb6f0128d71	3989ab9682212b3c7e07beb423870c876147f869
3860252e1e39bf5dd9ea1f4a839046f25019e6de	1bd918249f2385cc70f1b640a38a99d72c10875f
3949112a9a89b70fdbe1f9682243c22a5a73e2e7	9588743a815c507966c1626c0581f453ac6cbb30
39618622bcda2d2ae469fff113cdb7a44c20ef82	e5ec016b6a53cc74ce11f5d639c0a7c62bc39b03
39aea7995fb3aaa6133808e2a77d918b55d8ae87	f1ef2b9746e6eb3bf38e078cf3cc60b1066ff3cd
39fb8fc945b32e7c3a4d2cecf29457245a9163eb	04d26e204a5dcf9fedef08f7605b1f09b15c6b90
3b52f047a4c4cb7e641dace3d9dd14a837894036	3644bc7316c4e9f3af4987dea3b72402dd5333a5
3b5e44c496db398e74350cc14cbd4606a23cb5f9	9ba9b892be1b9501c1c132ce71bd0f0b444d18b3
3b7bd10de44cefeaee7882b75f7d941b3e81e6c0	97fbcd754d72b9c3e256c411e70d816dbece458f
3b81edcdec1c85bb95da062e5721bf54778255a0	f5a41f6a10f0bdce05e75eee15490d65cfae0570
3cbef7c3d2dfb62570f81a44df8a938ed267d394	066f808a731314d84b875c1cdb388c6c3363227c
3cf6601f86e3590acfbd367dd88c875984cbde24	c8cd2edb68af6eb5bb406b4320d3f88dee841fc7
3d0751158a1909ce9af3c58c8a7e6a9dbe3085fe	33f2cfc346ebc0ab9089f15f75459b9f5373eb28
3d6be404fb4577fb60486cf53827a5ba744b7f18	f358aaeaed8b3db6b39cf98f4801c2444144b122
3eb442d92ab7d640e2e9a14282d012167280b4f3	4e8220b789062d3c0b1b1e7778e85a62b0b5aaa1
3eb7fcf938eb8e81b0c3bb48349c5b1a398d3cee	b60358e757e987f36c4b3262d0a74e4547323b20
3f6fccccbf23a6abc0c3a1385afa90986b4be5e3	d737714512fce41afe4e16a7d2740aff53978c25
3fff988f6922b2bb9f1b29e09c9f0915fc28d98b	f69114c63f840adc324f5f0c0a74fe619ed63746
4035fa57e672ceca540252874ceb686c9c95b3a6	2ed3b55249067c20b9bf078667cb94c9a52a7c36
40393c1b21067806d480c90e65a95fb3e0a049ef	7cb885ee067472f8fb325d4d86fc84b9ce0a1825
4060b7a293deb11e7088d81de06e7b858cea9306	9c647f7108252b0fcd49c6788a8fe403daacfd2e
41647aa775d73936bb98d9f443092a55356868a2	9c0952059d54cbf7b8ed09541b48922c45a37872
419867409ffcfc861b1c52db97c67bed61be0f97	60994c962ce4ee755f741304b1585c1f199c0b56
421aa40e2383bbf4376310938fa1ed501e5014c2	c7eb460f287e13dfc7227c19ce78d542c779799b
426a184296e3f95481a9ea9212a6309a3ecf5191	7b08cd0632db3ab30949a9f7365f62fbc6078923
429c3f216046fbef0209fd8e80af9dc354f5243f	f59222eb1349963c6bc129a19966bf313377ef23
42be364b97ac3a5db5032df36fbd7f1002b95bb6	dffc8da86b31b83c8fc923bf910ee891c1d6200c
42c43a41281d39870c344b57cb2956436916b751	563f0a1801167b1eb9cc5a3b878aff22b008df1f
431daad779477a4856d829c0cf7d0d50f8d58fc9	737bde2ad8161d97620c999f410623ff706196d2
43d5e475e1dec147eb27ce26bd5a90393b204e3e	b499e9aca101020282d9c61c1e56f17c0d7a158b
43fd58d95835a59d488676242b8ed1a4072858c5	d76fba3587318fb8255bb99d22cad37c2f26b78f
450ca21ae849fa2890d0f3fca0e325214f263fc3	91e3ec3a57e7e08729dfae02681bffb961220a74
466d3bc4c61c2301eb954d1d7ab99895705d2ec5	1c9681e8893ba56453f63c5ed0fedff37cd8197f
4709aceb3b3652a773de9cdc6c2c2d4b175dd40b	12909996c9dd5c125eb39dfc59fdd9f4ddd438d0
47c6b997c825b6ccabfbae3088696747a297e93c	16eb41b2e1e07d82737516017a6d70e5f881ce95
47cddf1f4717e977072cb85f5d534a7d6cf7ed91	7cd4ff41978ebf471aed1638acebca4ef534343e
47e346e374602c32bea0a6b145d67b0be2c5a433	0161876438a6ebcc973fa0e5f1afe837befcbb06
483c48f611b14f7a36b1ba821f59147d028acae3	99624eab32ad946515c65bc0ee317d244ad606a1
48930bdcb474e1d21462c7deb2284258162feedb	853a093b4e259773cc9806c720de4569f409ec9a
49ad1538fdbcbaa1d385c587326531ef94b658a3	d1fbdbb3c9aa92205957454638c0be4e7785f248
49cb8d7795c1d56ce98d592b77e62e288fd2e5b7	ee096150ef54a416c9472b5a47cdce53f987b5f3
4a030c115c087d7b579881a55285e5860d68e6cf	6abf1ececfea78bad0d99b117bece3dae057076d
4b039b5b8b571fbeb91c2e970d3f1d19b97ebd66	7e47d48b1d4a6ed093f492aadcccbbd2d7216e3c
4bbfe656f2ac68776cc4e6462e585d3f72050ff3	8d9e8c4cf5690b2241abaa3a7e2075bc7678af31
4c957578e7a48b7f7beacf4afb1cdc6e73503a90	82f1c2aa955b1759acb259ecd91ee01e4b865ad2
4d3ae5945e88f720a4fa4ad856e7f4741c04017c	49fcac1ab5776a8cd35da0f3b8c1a2a524ff004f
4d486e33c5ab02b5fb014a27207e759c286be5e6	4f17559362dac0ff2319a214a6f21804c89d81ad
4d583b8de97c987747c3a9696ed59ff61128d678	1a4e2f79b5e2044eec8c3dd0a08dcf052952ef87
4d8449a50190bbcc9a62d95dfe9d189c36f61d2f	b6a6d86430c0b6f9375716a1096cc9cf07ab61c4
4d847bec5a798459b9ae26da828491a735be202f	c63fe7e6e5e677796a897e407570853e2d74dc16
4df9a7ef413d8c6a2dcd4b437630c3b53b28c7dd	516022cef90fb4586f610ecc04db5f24424319b1
4e38f82ca8a08c55b3d91a915bb7ef232993e247	ae0cc28c2ecaa54be06ed3d70278d23ceb709d41
4ef825d422d84ea9a108b9c2f8c045784e3882b2	f83ce246a9c15af275df89caa7e98e39b850134f
501ca0f84ea475d2e903c288966c037db7df0bac	4263e2dd9c629de5431d855a18f535ca43ff2474
507b7b090fef2c406d0ea23a7f3875966ad70da0	f1d249693769d9eeb9b963527d046a3076030c2d
51c0911b1eb2dc9ef4892f64fadb9d7c24067ef1	a887c59c351dc65ca1510f98b81b58281eee1f12
52563a57dab21b5d926148e3c7b3f5197e26c74f	c8ea6b7501aff12af37838df8da051517dbfed1f
5256d6df37ab3805de2f605979fbfc310f38afb2	9dff68c7f4e63a4123da8ee812f3e533e19b0417
52578adb8c698a77f536a03691016ed3cdb99ad9	96020dc1f1e3a7c8724fe6bcd1a75e237eb720e3
52d7832e8152c841d60c56bfda5995c306f8527b	7039b96438534cc1c5d7d93af4f45c9c55fbf034
53aed500b5e5f05f041afe1b5bf6b48eeb7ad245	b2bd328df41ef64bd7de83573d4a8fd3c9baf4eb
53be797b29be0d7e7cc2242c18c064a6494d67fc	63e94e0b96d5f08dcd8b7db47ee3bcd2510410a0
545dc908ad886014c5657cf0aff5167e2ebd29b3	f1a5e45c5eab0a5b7e1f91f81f33b42d36253306
5477f9e39778a31c18e57d11f1342615c86112da	529f33cec8bbf44b8a329a76c5edf1e108455edf
5494499720bececa97b94eb7ab4ce31b83e50d39	f1772d188a42db7a0387d4a2b2d5356ba2d757c5
551ac02fccf8c9d6d6e90d89b5cfaf1561af297e	ff4f5ca70e3eb4785cbb2f2e3bf108824e828353
5559031e0968c1d807fe56bf6d5ab0a9cea5eec6	63990a9df13d64f0dc4f7865702d459d8828ac1d
55830d15390eb50eeeed31be38c3af706421874d	659f25e7d02df657080937deaebf0226c67e5511
56ee1d6dfd9d9b0bfd02785b5b3aca6ca6f63e64	d17da78b33fc026568e534bb32dcc4e979fc00f2
5790ef779545d8f91e8ea56a7dca74486d041edd	59517ff67003709bfc51c6214a04af4c54585afc
5814cddf676e3fafca28e391132c36ee3420961a	6f91371ea6a01c3a81a49900e93b471fc6f79862
594ab9a6b1b79f0f1758595a3cfc7e8c350d8f22	97eb978aa449b09748d0f3e1fc52d93c2f484632
59db3e13af55b251810b1b4284725c2276b193da	a67f7eb9283b7166f756c2a1514d2442a9b56cbe
5a2bd81ecef293fcb8ac2063e1c0b5b345613cf0	974a9a6e511f165714418ab933543d8cfac60279
5a49a8d11a08e08c03b7c2446a933a159cc99332	90f0ad20b59035e012e6850c7a966a9b5b2ed71c
5b72233eadd3c7246a0d61f0ecc522e417d073d0	2e887184b209d6e3c942cfdbd4871fb01fa97e1e
5b7d4df29d6089d2528983eae7be38160e6feb76	d820b25b57d7aa339ff6429d59ebc480d8f88d5a
5c19249e2946c14568d1bda7ef200c779387b7de	1ed7b486fcfbd30109ad182e1dbece4e132cc35d
5c7f402603d70e85e5093b3be1abc0baddfea6ff	24bfd423a865734d81e1d72e36e06eb2b04a9257
5ca54923a6a796fb2c4941ace0c58d26899c0f73	9ba9eb187b1098e87bffc639b7cad21f0e16c765
5d1d47fc50d28617d0c07cbd9a88a4dc359997bc	fbabb9694497e8bd43e0fcb5163fc163fe5e9119
5d582324d75e8e4bbc5427b30f0542e94c9d34ff	3ba353aedf877b73693719c85a314722f00ca741
5dfcc6b2e2e75ad33be287fe5195f62aa20de975	67d308fbb9600cef61f245136844a047df7188c6
5e2c8d7fe2866dffbb82e62960c067434d2a39dd	763c5fe41150ce44cff77cc1c55d400f0e64d1f0
5e6550970f562eb632d20cd0f28bc4b8727ee8cc	5c6cc2f04d317694196a2beafba756f7e58211f5
5e7acf60c34ca71e2afd0a77cdd5b8b97d127d94	79a3fb5b3b6b7f83afffc4366b6b9a98104d70bf
6012baa51ae6e02991d160519d116e7b93f066d4	0b55acd03b178aa10998810c9a443bcd06b13431
6052810a22b1210f90650dea4a8f0172cd064a0a	aec9955c975518b5352b80b98e147e47d147a8fa
60630db4095e6e729d5d206d4d253d3d3a95ad6d	6e924ed9ef7d7659cad7c886d071ac71169a6aa4
61762fb8cf7fe8af8c2cf9ae84ec336cc2646963	ae8f8d8e36a5ffc89bd63a1816b3b7b158ea9f56
618178da8514277f8a403bb63269e2efb44d612d	52b9ef38ed35f04581b5cc5c0ef4bc3bb7392d85
61a4189ab6bdc563c486b40fbddb132b86e7145b	9833550da3f26373ab65a09276b73989ee7bf1ac
61e1ddcc149471f5b560cd90caea0ef6b5309e2f	109686a17380e568dc4bbe85ddac6fcde2742ac6
61ec74ddb88ab4e70b768d5b344ac82e657da358	65d46f78f07a6b697445e302c98655dffdf78bef
61f688c5170c86d75769b3ca9ddd9f7ff866014f	9818ff7f95accb915ef44c4b72cbb85ee5437ace
6204d850d5be905f94602bf5cadace0d99af7ccf	746b33d71321b99eb8b770c56d1d447f4f013a8e
625f118a1f342dffba1bf162b78b95c57c2e81f4	2c94145828f75a5b7577ec4011a126688f8b1b39
62653dfe734c50e5c6416cdbf4b9b424385224b9	59cccd5b24d0e48d88496f92d213c2b7cdedc3d6
62ac6ec52d1bbc9b8e2b9b099c21f68ff3090312	bd121eaa39c3fb54737f0f6686a366621ca82eef
6364b706b56aa631ff1a75781c9ce3d724b97741	ab01d6816e10b887f134f75dfac05f093dbd7b94
63c65faa07ba25ca5cfc9952abf00d2da4b25d34	0baf27a04c8b4df462c401ea27a2de88d6d359fc
63d500f6d1db3e40ce8ed15c36296f590627a4d2	58ed85d72508810374c0f3109d1f2fbc68178222
63ec49d0100eb478f05448f7058cfb275ed3aac6	66ad88761ff6665d9c624ea8b0cc4fa506305e80
6411087b8d325f418496b0cb8e3b5078a0b7eb9a	4ad1bd20db22d68f2aff650d610ee43a9d5fc1d3
641d7795d750d137149751c4502c26cac207e136	b7a4fbee9e292abc831e093a6735d212516b0320
66886c0d8e81c777ce53e7a85454ad063df6922f	c7ad4174890a77454dd1bb510b7c26619c5f44ae
6688cc90eb33f710c7b9a1e078cc0985f831c161	e4d2da520537002097f7f312de8ada8a8d5b3c22
6737522bc4b26a97cb05b3d00102f2449268c697	2e9a10d862d191c48cc2a3f641190b595faafe6f
67725cd57a455715217de9c803fd4ab78b86b4f2	0ffe475ffada3b5797e63ff41889b1ea286a5238
682165221e753e4105defec452391923aa9365c5	be732a0af801c187780c32e671944d078eadb0e1
6840c40af18364e5a296b0c497aea4e64626497b	2a2f56c3a567e52c268f2f5005602d695c737e59
693606b792d30e4829277e45588e9bb1c5487f48	3e4c8b32688e7a6c0d90182e69364297a583560a
695e41214b594d324b027b6b6d7d46b543c86f65	3539739abeb4ece1c32c7b21fd53b26868536340
69e2190b7f5be624c1159328d29a89f013612e4c	a2a28763bc9671a4dae6ac3080ac773417166952
69e60bed9af00127fb42cf6931bda402f0e8d505	38835788196c371d334f6f663a25b1e24eda5cfc
6a3aa412efe7ca4388953c9a8cffd02fdb23d689	9af8c98d8c082318c374f3cc800cb2a3c29dcede
6b00a17fdbf47e33f833828f350a9b42789aff6c	5f6bf5a4c3e78414f831f6f5d434062fc51cc9e8
6b3a8b5e148399925d0735de67d164af588fe426	d12874dee7ccb047b7868e6487801d5a2eafd135
6bb34366f3415637c91db1db65716dbb515bef87	30d9ddbebb654f86057a725291e111b900ae8da2
6bf3948e53a13c0c0317f1bb7e65a617598e56d7	e08f1b13a060f3db58cbbec5cb252495b5b70865
6c022623f2faee6f958f356bdaa4932b58e996da	6167cd48757b59039127a4c798d7131069f35c44
6c232db7eb7d044459d073721372e426eb59fdb0	c70ba7fa76b3df304b55921d98ebb6d6d02e3678
6c8d936ae9f707c990b269360a557a2cb007851d	bca22ebad399bf3d648fb70404c0692ec149cd74
6cb051757ac29891942ab921ebbce5349883c1c3	eee657ffbed02d1651a6eb2495bf24cd01891b03
6d3c665630437d5a8aa918596a22ba00d8cbbe1a	5599a67e65c4bfc02154d74165f73475fe6adf90
6da94e19a97764210ddff1f50ecd87f5ae3dfd49	d92f9b0008650658400371ca544a5635c873e174
6dd36af58cb411d59eacdbb2e7177bff38cdf52c	287585e744b72b8ba2ead23aed498c564df1a446
6fe3547005481a25c80d234064f45f8b7e95db67	993e4395e4581024cb312115b1c83b6bb25bb3fe
726de8c55a177d79369475be566866d4e155f3fd	440b51f2251c970463fde786c7c85375271ab1e4
729ff176a527b279ba1cc709e3d7b1aaa9c72b8f	dc8f5231f2dce6278e7131fb5aa73ba5340b6b90
72c6ec16b0fe9dc166f7aa0bd6923bc795744f74	7ea39eb702358081b3faa4aa599149b7cf210341
736375d8da9d826789cb7ab48b023d6c0cdc08ea	5de53d693a63f718930203c7d1956af19a1da86f
7377eb7c6b82f275ee8c3e0c2929d2e052896261	e1892d5ceaa6ff8887812238dcc861f71ecf3208
748764e44e7937c52e31a0675df6e339b67d89f3	41e79b7fd05dca5fef931b24022ba32eea579c7b
761445931938df35097953a5d1a3d214c4befd17	7c462dc32877c90a6703814dc99a89492717977d
7620394cc56caf56cf25214269616864e69baee7	b03036fc3ae85d69d405492b6b3ab6a33ef51c8f
769f094c22ffd0abfaa2700f607da716b5ae5985	4928f8a3f39f35f2b238ac221a3417cc24549663
77047625c11fc49ed194bd531341953cd0f9c436	a9c9d88a7d91d8f9328c0e3d4b7c8c445c764df6
78aca9b5cb79b59b7601529d8a40baf440a5a2d7	63f960499ba9be2f10fdc9f7c4d06dc4f4d215f7
78cbd99931986ea66ebe69113f923b7e2677d7a9	7e0502b621b691498fed8f511d98a54c7d49edd0
78d41466a67a4a01e1cadad7f9d518a3e2fc07de	c529c5674bb0ad0212654e0b21f0763f35841333
78d5ba7eff095ef09efa0ed5307778f7911fe697	7a4d951ae465a467abd616961fe769a588bdcf3e
79151f60c6889ff2097db6bf335736b1feed93a7	0b70298416d01b7815030ff61e01d09cb07e7d06
79178f541767f9bf27f28f45932e45d7121f5431	f6e8dbcaa625a1153d39acaec92a3006c17385e9
798c1b9690c659c09efbf672ab62c98fe3f9d06a	6b6a901e6d7a099dc95e00bb74ac57a976d1a750
79a86e120b1dacaec1846a327ebfe2f5620f0252	67cb55e9362c5d04f73c5daf5bd98670646c3020
7b06294917fb24912d9fd6cc2779a6a4558beaed	7f55c0988c92efbc891d2251a312b8bececcea84
7b14474e393b6e0b43995c54f98e5a733c99b4a9	ae4f274f5797c9cb61de55fddd9daa7c0f285438
7b7ebe1aa96dc4445f18a8cd2e851185c4c756a2	a437f2753eda2f9e07a2daac24a49313f3dc221b
7c5001c4602399256e2d2c3e895a13fcb810d864	8aa5d85a20e9755418798d3bce7b2031eeb8c2bf
7c62f4e1ee028795db2a67778b6e16ddfe32e271	b5b79924182ecf1d96dafbcac835a6ad12840737
7c821b4257c3cecba485707018a30069d2a10b28	f5a4dba69e4cf5d723ec416b02adab5837d3f868
7cf3e33fb69ca7ae280246bd73f029bc90af51ea	0c7742f2cb2642dad7953fc181d4445ef8d6f016
7e2c60b9f028cd246b217f5d2844bc0c6d324789	14e0542a4ac4d1908a3e5fc54895591bb50851ad
7ea88a3dd231d2f45b58454944574fb8b39bec55	0ff7e1359f67939c3f6c3fff7a58c1dc0f31fe9f
7ed3094b01d658ce60a8701356893f7f30d1dbb5	8f8e3bd55d25980c8cbc17c174963c9ae9f7e417
7ed4b8256bb15e7375be8622a6d8cd1fb2070f92	deca51e5934e32072784fdc6dc60cdd6366c215c
7f10d58419a935c815f3a1d0b83126fbf66d16f3	b59ae6d33011367295dca58635946043e7411b13
7f4d277783b97a650e18238ec3c276e64602a13d	ecde00ee27602abc6436e5f836cb84903d345f29
7f59c974e9de00d86db219cc71e4cde6addff736	dacf637957831f38efd436abb2fbc8126861154d
7f9a847540e8b82f51f47365c124e9c59e1d9d84	22790bbfbbb65042dc7898dc3607b0ce4fc21265
7f9ac4d6de78fd3cfd43bed13ba5142a5750dbec	dec2c1a68281880681527e33b725953637e56f99
80e7a4aa0236b99a1bba027f97da90e4a281f44f	4cf7289320746dbc54ad7c721ceb76f5b55c60b2
811dbbcee505716522c5df3517c1b7ca3da9e168	84ed5159e5a9660217e845f5a0e4b40d7c126440
8184269e523f5dbba254776cc4d641c03e602523	f479dfef940f8cf69b701109adead2af489f19da
818fa76a6ffa069d71744b6dee6aa2dfa16c6bba	a8bff1b48dd75cc665a4fc9a702da532f5a8e106
821808e75f13fba356d7e9ebb7ef0cb790a20a62	fd7079bb0d1728efb73517f53639abef4b0a7068
83a461ad1a5d885b478e028cf183a4f085d2a97c	8ee1695b619e279c3dedb3e3809bfc7c4494cb88
83f50c73eb0aa29b43c2676c7260c436eb327eae	d18f6d3cb85b079111d06b0b227e8b5a9b6ee097
84bd2f40d4a7630d9cf929ea83129a12c0e25cd0	53ce8256e938af49fcf39cc6dfa558461193da80
85b270ad706fd2241c8aa3d5515896d5d9a5a85d	fab41d876b6fc8851ed33525332d6201f7d99793
85c01685043faa96048539ef85b6e59087ecb489	3f9bb258b5eaf67d11c42a8c542c24d989e058eb
86ba50a01183978bd0922c7ff6b0d9d9cd05e546	1c4262a549d0363ad9e97430c41e2fa74659a521
86bd703b1e14388322f31c76390e7383926eb37f	2f149604166de937e7f382c2f0a53a9c8e62e0b9
86c330709041a63b8bd40ebc07c0b8db17a7a092	c5a6ec8aac7a9e8bb9a3688b4db9a94c1896bb2c
86dd4fb059d1beea07d8dfca774240c53f69fb62	b806a0af3219fe2dab9246a1b780f8d1dd58483c
871d7393ace7e1951c53309e4b4e1f5241d58203	cb873883fa4b9128b938eb08667fed2de146e4d7
8764b653895cc190efdba1457f02027ce052cf17	bece1918a90a652c581c3c7bfd590a27af73b061
87aa5189644e93690a7b11a0e275def403fbb48c	9542bc4da9299719fb79647315e4fadd88d2bf3f
88c964b919c034c1534a994ab61efe50aeec0589	704693b585c751cf57c220869f86402151af69f6
8931091fb62b22b520566335df793d2753e8baaf	401b4843e1261394f0b9f25890f68ab19c035712
897cd2cd5cbab1acda71ff4b45ca4276751e7112	65c34d100a3e0642e6d348f20e568bcbcf25e344
89c12d8aca1b388a266780f3598f495d5698107e	eed8d148b697001a4f721964b972fd871647d265
8ada30aa92a3118a88326d91c801bd3720850135	4f79aeda5f8cea7fa954bb4d05324b98d5fdd8a1
8bbff8668acb51256000c5dacec3a47e82be5cd0	c3bec2db09ede7c42b1d3bd11b303deea51da619
8c1d346c14a5448152bae47eaf3daa7e58c5040d	f85604058c586dce2b0c3708f1c9bd821fccf755
8c64bb8baea18fb75d0cfbfac0c2745491ae5d05	076d611516a728601ff8ac4a680049ccf348728a
8cb4f2aac0aba0205aeb1f51c7b1aecde173dd02	0f7d3a5a21c40cdb3da0d6dc7d3d2535741c107b
8cf3c819919edfd7f095060aaff8629a388817e0	1a10dea35bd7015f5bbd3510db11e1e381ba6ba5
8d06a0983076b96450d21cfcc15251bb71d4b97d	d9aae8599e6c59840ea27d59590f9d8b8312c66d
8d2a764299edcffc1473f568869cc162666f9bc9	d006c12b81fe0cb1c32f4cb6e7a83f3913ff3021
8deca45c53b0814cfe59f9fd4927e41d4f7d3dab	3bf6f9300e8713157d43e55f88dcf57c8169fcdd
8e6faafd2695b9d970bd066ebfd530cdbbb6187f	4f585ab5c7a5872219c482596cc6b6efc57e2220
8e924d99c9ec6ab0a1d71e99e22a4613cd41325d	bf39fa841e8eecc9c1dcf7ebd7d6caad7fec57ea
8e954ab34c4da966cb22191d54a604d8aa395922	b280bdb0791b8877a698cf96e5542a071047f1a6
8ee7ea346ae6206642595736e057012e6c2bb3df	eae10043548c5f6a78e006460d0e65865cec33e5
8fd3947bf591f04522ece23a9583a5b4d06920a6	12089e8626f785f87e041ce8d5829d9e1b3cc0e6
8ff734f8f05dbab1e695382b4d7ab22e9ec21b32	e145b8b00da7f1bba3d32a7e31ffa13e848fae12
907e630a9b4361e26f5660f313e65712c4e9be97	e04d96bbf4251485527b883e8d84e2d9711e9af7
908abfa397cd98527d2a490b91a59fd5567b2652	0c01b763108b18bb6b80c2db04a0c6efdbf6daa9
90c92ecd580b45861402549aadfbc3040dac2df7	2c0285364c94ecdd6989edfd5a8063d621f05bbf
9149544b729d282d936be8c615570c3c1c2f6fc6	0f54df736437577db1b6e4552f7512d54b8262cb
91c8d55b7cacd3d2589091867962bc5822dd4230	173e2aeb4e3fcf61ac8fb4fdc90d4559a628e7e1
9208dbebf3bfabe1622c9d1bf38b4fe7d979e8fc	635a111bdc0f238d3d0f71c3c0a8b6183e69c2b5
93e002774db8e9463d80d20e6dbc01f6b466fa75	0df23278dff2c11374b201c0b9d0ad4f9793125e
93ec2b0c2b85dc4ae81a345e82245b9e3882fe1c	a14534ee8182c4b23277bf35e74995afe7e49438
9432c07a3f396553856ef74c31a2bcd02c5feafa	6ad4b18243eb3aac3112da424e0dea8b97e95de0
9458a252f0068e52c676c5e9aa6be3ad3fdbb9a6	83d6430f63ce6838b63215fc65f0d383db583316
947ab04e507fc06ec5b9eed27d3fce6566f372ac	e7e5b3a551dfa2ecd3bc0ece81b4abd820d96934
949a9fc18eb89c74568d861d6967f6c5e6f55136	0bc138488f3aa59d6b900ef8443e57b45e347f23
94ab7dc841f53fcc3b8656363aef2600b1e253ec	1637e5b2b179a7855b3f79537d9a02d69b6c4871
94fa91cc19f6722b27636d5bf1ea813fe4873a1c	775ecf05c6313fc42eef69d786ae19ea992117f6
95702c84d9ad9709039421b951321d8d576e8469	0cbe52b28bb38380bf22a16a5c0258110dadaaff
95ee3d0d5a935f9ad3c549423c280f9226f18796	45bea8b96cc70e00896bfd3456a5dfd71c8cd839
96744313298541ccaf25376ac60b5f71b832e9b7	d97efff3cdacf32e32a0dc9fa15c957a000d35ff
96855d5be4538b270ea0bd2c9876057fbc9fbb4c	7f1a21a8000daef335cfd9f237de564a6e17068b
97631ebed38f09bc538deddff9a9ff9f9f4aafd2	09a9375afa440c0609727397dff3a1749f81e1b4
9959ec244a6d1f193c9fa88755aaf534d053c80d	bdb5a772f14255b734fdcd90f40a4f4dd71ff386
999ae25abaaa66bce0a8b1c592c6bfed4e4ce890	07116a0303adad22b9711b95a1abafe056ff2a67
99edbfc1da8a572e561eef335a0394e9a631bb09	0401ccaa42c108083c12a834001b44ebe0920d0b
9a65b7ea52c283b9f653d84a8149baa33d9711c7	578bd2e0f61499cda7babb3974edd42ff1d3c73d
9a9e1431b6cdd935a9987ac0ff99dbe344670860	f0cfdf4ff5d8239ba2ad524ff34b17109250855c
9ad707d983841026cc06d9f1aa0ca8ed53a85845	b3b4fbee1fe63b3539ba1aa152d2180122046340
9b36e7524552f9585bc97b29e740ac5f5dc60d71	51c899e221230f6396c01184e59384c12ddb5d24
9b7db48fe8028c75e2cac6ac9df01c63b5427f1e	501235903c577ba157485415be2aacef60f897e2
9be745838bd6c9baa7167c9b418ceececc060c0f	20ed5da7b8caf5a949836cbf607e8c9e660bc5ef
9bf88f4c11854d80e20eeca16dd7ced87937d354	28f70bd731d37c22868c3c02849253540e6b5d6c
9c69b7a39ec69f4711eb6433557dfd5709a41497	710e4547c159044995e835e1350adaceb8f80e2f
9c87c631bd4269ced1bb84827ee8a31751376587	632b1d978386201e192552563a7f003c10130459
9ccf919cbb56fd3c64d59a4782d3992c61dcd8ee	c8a649ca57506e45df2ea9b2084928af7796b8ac
9d41e55454db402440049bf5f3f6316001f0203e	24f1e434f4ccf4a8ddc148918edc664e5338ff59
9d745c12f0188dbb39b049beea091ccd5ccd6727	2892214ef65cfee638e4f6bc85fc9e17592b1bd7
9dcce6dadda7e67910ef2944063081ab065589f2	4d393db185ae77f56bdf04285ae89f3ceed99eb3
9e78175586e2f9b6fdf9c147599fca69cea56ea5	520d36d0ae6a90aaed79af84bf58a8e28d70d9e6
9f42520c38cf699d9334682d41f1d31d72649572	baa660e740486a7fb62d756b741272e4cf4d48b7
9f8b615f0615ab0c85ee1510c055f9f07af2ff1c	54598f4a181299e79026699f0521acbe365e4d0b
9f93a53ff34218f4275b91bdc755775ecaa7c9f5	1ff8769045eaf4eafa2838e036f8f1f927fc2999
9fb48dcb5eacff003d1c9bfc908dcdff1ab55a86	c6287afb7cf1bd4d7f9f3104009a0af3f286b26b
a022e7eee9059358338b53dc278642733261d575	86f8dcc434a0b8910996dd57876c530234e7902c
a0640852f7d59f0ff649b4ca138169d78d8ef1cd	31d0daba7329343a39871cab4573698f90deec57
a1a0efd35cf657110203684b805515396e8f7788	dcdbb2519bc75a630ba3b844588da41062e7a236
a1eeb5beaac2733e588b49fe445f6a43aadd27c7	27825b0d582a6287ca442006b7eb3d7764a678ba
a251687e03f0cd7994c52608449052edd701fc60	1d98be50d1b60648caf5f3ac2c496bb29fec3700
a28c61858da67e2ff29ddcd45637c8535560f40c	ece53b6a2642d17f7e7285e557b3a8a90d61c03d
a2ee6cfb1e6871a3313f61f996ce13f894e7aee3	c6175ebc6e95415d6cbf010e3df3f6a580422e06
a3058ff71bc63249f37b1e3aed0f1923cba1da63	86d316e765829f824b6826440cd5baf673b05a06
a3067d7f87a64af9fc4db7b4e65e03d9093fc54d	18ccaea5c95b1fc75fe4600a9ab9cedd2a42384f
a4a4f20af45601a030600104eb5d594b5fae9750	976d6cc3b608a865d64cd2c63177d4b7c1c4bac8
a5354a6d718a1605f2414efb1d78caed30d5bfb6	9064a8961da57eda1698324559fd19ff9bb70978
a54122a0dcf3a1c3ed58a510ee2c37029210008c	9b6cd78727c8ce34eebd14912812a6a1b1956a9b
a55437804da92de3757e52fc91ea0b146d1a8b87	5d586c7aacf1096402b733d53ef848a0f4354f7a
a5c6b320e0b0e3e8c8b17d57d1f7cc81cc1dc9aa	95948de04c1163bdf623d70a1ad73b2c809d9420
a5eeb934a9468a4d650f110eaf0af0bd9c5ec7f6	ce6e3127171acecf3714c490303a2e5074f9124f
a612a0bd4f815fd5806f398100b4769caa026ee5	eb5dba9d9000f1bd04c05094c93c63872da4bc9f
a636238652f06a2f02b1e73eead5eea475c07681	fa47609539f51a581e9893ad47d009fd19a40c70
a64966010f4ba4e8cb7ad5152b0040053417a333	f7e550223352260c14980e844a5deddcc0cd54a8
a6d74ad96658b362888702a6cf4b848524d0376e	accbc27f6945f19e4b5c40719026ec9f2a541dae
a819a08927641c429b3bc4124cb29488c64da7fe	88bb0f648483eaa35b350c30e813422ce6292164
a83687c904999f085e1afd9003586001a2389c7d	cf407df4346e298b278b40ad98424252cba93a64
a8c55b572836a02b5634fe3bcea992a67393284e	ab44a0e215baeb9437f3ca93675bfa6789e09155
a8ebfb095567b2fcc79d953fabb95ddb9c84db37	c3e3923565224f0362cf6c76a11c6cf09120106a
a9238a2c2aff6b99335f8a221f30345778a56007	5c30102581e273cf003075f8339a324cd11ea783
a96f83b48df8ca419c36219661efbcb55b597453	dcb5cd19c89d11404f3485b63aad2dde1c91a174
aaf297d8ab2823d3f9241d08b0e814fdd7ed1718	e756463d4572e6ba9572c022a4ae911a5059ab9f
ab0d019a08977423682663f8d984bc3a52de92af	683f295f08fb05daf6f8d806a754a17d557521e1
ac0494ebec4d6c61069444393013eb0fa1260ed1	360d5ced8e19ac0fb3a493c8cfd0c75adb4c681b
ac1fcb3b21f99dc2576a8549fb65788eb186379b	853f91439235c6890e62e0934b4302460318ab93
ac3c67ab999da7656670eb11a6c9c38b6cfd7f68	7a155f0d98d0fc258ae63460ee443e9b044769c7
ac57557d67bd57f558f05f45fbfaad8421cff379	c5bbd088fd006669077f78aaf93ebb89b8b09338
ac6a7bec931b9f538034c9f8c75cb76796e1a2b8	5b3543493959b14bccd27a509b756ca18fc75b37
ad1a92c1d87fc2780f28f775535d0012a9d73dc1	ba89b0b7e08858cc4a5b76f45805f99c58ecfe58
ad64175bd6ff8bdc5eefb6e8802117c85a531f6d	33fb2107b5e4135a92217f3e09791513608ea927
ad7ef234cdeaea7adef4c13709a3c47d1ed121b7	c1f94e4f3ed321f6b78f4f476078e8a13fef6bd7
ad82bb418b05ae08fb9a81bef3aa855425b6ee8b	dc7600445fe112036e04741ef5e47a5f042ca849
ae331909863e4df8558e6baea4c90a3897fb9cc2	e8387e1f2c034d552eec7515c215856f678046d8
ae4a7564e4079f91db3012d3136b17a7a1984c7f	ab47a3797d3d7ac29b827e87ba6f0631427fcb41
aef0f2507510265d697823d42697e1cec13d3e74	552d4c4bc2d2ec3d04795b66bda9bf8b4e1a3db1
afa9800c66f5c84acb075f4e8252172cb31fd138	63db8735cb06ca574292d617f4a8c46c1449eea4
b051daf20d3096ebaf83d29ff2dca7f3e721b8a1	ef39ef7c306a24edda08f119f1fa501e85895af1
b094b0d88de20ae5a744acdfc765a9ad71d13fe9	8721b892d9ac53084d7570f768d69d9ebb5a9c95
b13ead9ecd5bf82e3a8d184f6b16a07785469fd0	3264cb545c3648c02d49dbd908344fb343d765b8
b2517a7e4bd6568a78d3cd850969dba8a98f86e2	3744b81dabbc11845e17a2df7bbbb2c2264c31cd
b2ad1f6856bbcadb0123f1df52a531d312f73d9e	4dab4e6a0d7b8d4090dabd7ad20cecdb99e30f72
b2f40f27b9db4eb28047ea3ee9beb5f165edf3d1	c3514f95ed37c1e327f33ee96fb8e0d7644eed7b
b34d0491a941f2c67b26c460d81c8155e40e61a6	bc4cedfab2907be243167ab93a2734aa5a0feed2
b35c6acbc0bc8c90192ce7d99a8d6ed18bd72953	735d3b7fce2c1b77e50250f9cedcee4a9d70259b
b420bd1a52a396bc2f81cfa1ea801d007e97bdbd	83a9aed880d8dd0242ebed04b5b11f4403a28942
b48172bd4ffd5e062ac267bf0e4c2bc161d4116b	7234fac21300191752167226c4b9c72527c6304e
b5d98a81eab3d3c536811de577eb99a7f7eac123	e73abc2c99a96b0c98c2712ba43086f107fd499d
b5e778b0ea0e752c587679077454d328efad800b	b4ead56ae30924e2139d10bd10c309838410007b
b6e44eed30d9b402478ecabc08e0a1fb50eb3201	2becfe81ecb50f51c6468737c31b0421f4ab7672
b71d8c7960f6a95644f815c12c86b2908da59290	842f378bcec30af3abbdd104258b52d6f50bb2c6
b74eeef4c6f4f5c85e48fd7108bea896ddda32bb	fa4c00b56bbc4e15709553aeccc55933956e59fe
b78a28c293acd68375a6b8677d1b34105e658cf6	161ba9bee9ce19a000f55a4fad71e6bb10284429
b7c06a342e22df7d102cf1c02ae880271d3a10f9	6e8bfc0123644ddeb3800ed564c407a028ba060d
b81241bb91c861897d979b1d82d3aea1bbd2c4a8	936ff26c51ad5b46877f048749f4b2fd2a995b60
b8ad85ac5764d7bb9c179b09da07b5628ef79812	8fc3b0d141584987fde7b97d8c3dd6d7fca29d10
b8e60bf4e8416c6b59ad9d65470db71e34fb31bb	cbd3a8bd5455811b9d0acda5412365b1a20604b7
ba33be012986704b81e4d6cc04db209eab3b3740	4ac2d0cada7e4458f88a8e16b6dcad21cac755a8
baf14eaeabad6f6d951b948dc0df5b0d9c6826c8	6b44b77167bc20cf8f1b7ba10927d7e1ec815c52
bb49dabb6944483a36e34a2a7360901b088796d7	c8ef97e5370434d89ede6e1995797cbb8b8c816b
bbff9eda543244ccbb2232016c7ee30884816e3e	94b654578caef45071cc83ee1315955aeb2bb699
bc507b20290462ec1afab74c766ccd66f36d22ef	f793f7be671693f3ce5f7f494ad7c2f6e3f4bedd
bc7e2aec5239eb4f945039be5df77f43746da1e5	2da7f171adffece0bef6867ef75c740e1096c44c
beb634ef021e4ea87fab19ef9613ffbeaed8fa53	8b0c2458a7d9d046a78daeecccb85f3dddf9047e
beb658fc43d955e22b58bb7ad20d99706bb89ba9	e9f1074d3e55517ec658ab5849d0f06d364c3f47
bf2fae86efeb60b480353bc4cc6cb288ae3300d4	3112df096494edbec78b094d6bfcce3e133468cc
bfe30989b1aebb0ff891c8e97406b51bc6212ace	e1e5dbae5809a791788240b5c529b2baeb5bde0e
bff34504a46c0d57a50124da09cf3c59f93e18c0	958eb92e243b230302454a365975af606886c257
c0256c57976276d28babeec59307631f4378039b	99774d456f42d02b5f7be6cf2ac014191eb35f3a
c0a210234f753313ca135d74201cb60cf08f12ea	78a0cad4c17baabe9a86e5f520f2f0126f1df2e5
c1295c2d8c39084e6e6dc34a82cd9e37c40c82f1	1abeb4c4b85fe38b5795ce72153064339ef15329
c2af567c3e76b695cf2a428441d45dfd328259f4	db2c274936a7729aa18c8c98a4c039577308db5a
c2bcdaae4c8cf466237aa8d6860c059980f366a3	ff7d11a16edc7f662ed26f30ea59acae2ceb2b2f
c2c8ee1202cb472452db666b924718702f81abbb	e9aa127de1040d903d3b73980592549f1f418101
c3ef7e4c7a7f70032eb7e8cca700ab7be2f90b70	b4b1240e2f13131c72cb2c3082126a5a8e710888
c3facae2e6e2c73d1842bd35ea35abaac99475a5	ec663452fe57845ac6d512d7bc734fb8306fdd3d
c436dea24b8a17d1c143e1ee79f44ccbb0267dce	6070d3f43da3bb7b02731ba8543ca8e1deb1ffe5
c464cf0a324393c7a7fbdcb68122faa0454b2c6a	3cc31ede65d835a42179221d72f5dc91a672f26b
c4d0170bdc19daa815debf37f75711581df9a8a4	36d6150d9fb96b7085771dbb6473c32781810678
c52e82cbb0baaf46742c027511060e7b3e6487dd	e7c5022616e5f9e558b6e88c2057d39716adb17e
c5b860d4eef403525e8e60fb83b8eeb692d1cd9a	fab1c23076714db4f983920b5ef99a9a959b27c7
c60805d6e7579691038213d035fd495cd7783ab7	221bdc17367f475b7d20ca94ab98516f7efae52b
c69344fd7f2624d32937e5245efc5ddfcb4753af	69990a749f7855616cd3030576c8049dce65a99e
c7e50c321465f7cee0e3ab3cf6aa3eccb5e25a47	e832dd53ea8efc810f5ed12e29277e44f2e86373
c7eb670510c930b388113b9594e5b2d31d6df496	9e40677491237d993c0724f31a8fb4b6e973bbf6
c8ce4bcb9362989b21535f360ea4c7837427f3f3	e7699073139d9fe4303302a1f5f187828c7a5c64
c9e86f403237fd5693dea50f803b548c6b99d398	913e48d7243c41ab7dc72bc0212cde774a2d13c7
cb6a814a668dabb5bfa5eb9b0adbe5541dfcb79d	480b89913a799bd56f1a0a57c1eb0d70d464efe0
cbd590ae4da850c6f68a2dadb58ca1100962bd60	6c07d8745051264760772f967d170b942dc71727
cbf6df79c9ad7783f4eca3bb0b384b79f8f367c0	227d24f6bf5d46edb87867872a6ac854b4ffaf93
ce0f8a0b118f5ec4301f73c3b6bf2e4d0c0f11dd	94bc4f9490dd39c248b2d9e487059913e431610c
ce12ab6365a65f021dbf998dcf4ab7041f8bd454	dfa2d053ba971c9a35fafd256e75fe1663574c0f
cea5b76411c9798b582408d6a9acf9be63609c04	7963c24d8ae2a5ec0e3aa50d9ab6752dbfbcda4c
cec3ed1fb72d0a562058158f00c9ece2ebffd88e	521e1ea800c1e6628a46380fcb8c81a13fb1311a
ceeadea6b19677aceae8e04266ad59764b74f4d9	8f94a63c7cae3c257d740584ea12c85995564188
cf1fd24e4ffb76f52cd37f8a6f437d51e8364ec3	702e3d683487552defbaa0131818433eda31e40a
cf212b3fe27c5a56110e56eb5abea6d7936f7842	d3eb6ce3a2ccd70c0980d1db8d62f5b9440cc5f1
cf34018acfb81c681edf8746d95a80040f9881a5	10badfa601acd0fe49869c78e3e2064374abecd4
cf843367f7f5379873edc6b6e586b5cd8892a94f	cc36d2914c9c2bf4e5832d035bd7705e31030390
cf8648b49d870ac65c341d7954c7c337bfb3d114	1c07f1bfa56d7a31f9af210f5f5932237cc2554a
d0331d5a8c709abdac2207196f602e028c3a83be	47ac85d7df85e28c5cbda4428f3d7105fd27d47d
d1837a69605deb2e0d6b671861f3a4300fb5d3f4	874be5ffbc7f1dbb3605d53f639d648b1f9e31fc
d18ef76112954f856f764b0044703a4aea430e9d	838a20fb92cc11bb34535e55d686d5d0c6db2197
d18f036f35093adf364ba077b3a010937aa54f86	776790bdd184dcca1aa17cbf5e451a5d0691594e
d24ec2174643a5040b0a1e02c694898681eefc89	1d99b1564832ebec3d894a237b65aef1b730ca2c
d25ee4ba498f6394f7a2df4a88cd7a08621c4acb	ec1ca862fd4abdaa71245a27157cbac7f0108d1e
d2cb582d7c3a1a0fb45ebf22417e66fa3a5f8343	35b0e71456bd89bfe910ad6a723bf8bde2a99735
d2dc90f5f62e10ca5817da53f0a7ca2bc1eafb2c	693b5e3d9b7d924241c443b308436611256de081
d3e2e8df30c14d6001a28f02b7c2d7f8a99ec160	79facbaa91ac0b28e5b24286bb0f76ce50be5e1a
d43c158c483030171d3ff078e265b2efff039aef	c42100e623f558faa11c4e92ffbd331599f211e9
d5e14c9b0404db54fc0a0d94899ac1535f7455bc	47b293a5c200a4e5e6daad9e5cefd2868db6b2ce
d77a3847df2420226830212b78559e8daf7980b5	bfc0f2bf006cd35e95228edd0e4300378a103c95
d7b7f38b1947bd37eba2507df31c5109efc91b34	80cee0bafdf67d7b860c231490ba8bc61b71e0b8
d80a79ef2b525678ad4804b0f080103ea1b96c54	2e68c6bd8ed9e955793708019307ecaa712c964e
d91109625f4f4ba833d76bd52a6eb3afb6c2ddda	f4577b03055db8805e2d72c9ae571cc8436983e9
d9fd79d3e744637a806ed6e8ca3b4941fb3ce4f8	361abba4360cf55b2967f9d85663c99b092eeeba
da199bc2b8ecbf09dc86b5b6b7084b0f05af03ed	3bfaed4347d80d99cba0ebd809c32a5bab6e16c9
db0836f8c63a2b346a887fff3e7a0e08ba6b57ab	c52435afdfef4e058702a840d0ce8c9f2aba8f3f
db3bc0cab1035cbacd48ff692b7fae4c2c6a779d	771eef117fb1630206a5356c90fa185b2967868f
db3d3a1c361d3420bfd4e5df9e9c2110e4204b47	24d02052dec700088c409dce6544cc4fb1830fd8
db7beef42878f1af260e4b6c5c7ed19eb16a04dc	3519eaba52469791eb06c337eb51e350761cbe16
dc2591d6b81eb4c23696e9d6add6464902cb5f41	7a457fce95ae678fd035be6a4d3f95bc0ab1e9b9
dc634851a0a103d797ebbb311428b038bc56bb67	09c41406b642ea36188d67afee90654c86b655e5
dc8b3bf89944fa8ffc4e8df010eb166ceb07b13b	b6199fa946001501a958b4fd5a25099f62cba393
dc9e9b06731496fe56582935e3c6b5552e84acca	4c642fccf94bf71281297a04c7f1a683ce0b3859
dd170c0d91ef142e4393558626c2cd46fd9f0ccd	08d6b45d91f58fd14b585f9419da153c2c8c2910
de4b5a4f37d0dc4a16227bde7f6c763b9e49e2a3	a379c863fc984940a479edaa8874e3d17ba38575
de941cf7424d17a21fe1cce6415288d0ce0cd066	06dfb9502e10a40963ba962f194e1e73816378f6
df0214f1a69813090a7685766a28aff8699db1a6	e86bf8950eec4162efcc7836ff2e72399b7527c7
dff712700643babf55c94057eaf57d1aefe7117d	cc7538b2e98fd575b048c14cab90176012f54ada
e02b129add97b209d05191ff5838d34e199d6ce7	dd569aefb38c09375535d6cf55afcd9c3a84ec18
e0d8c0ba6611dbff0f8cf23a1e4c524945a56b3f	bc7a749c87ad093f27bfaebdf9c234cf681d955f
e1b29d6feaa5cff1ec36076f189cb0a1f880b636	e26fa1079a71050cdca35762286fcb469b521996
e1d91bd16a51734fa67de05babe3b180f910e59d	dbcdac89c426f13bd9f41186db3614083c7d8560
e273fec5e88cb2a28592614e895785659aaf9b69	62783fe9343e440a378f1fdba85517e2090826d2
e3d94de316f92fee0f5b2294055e99b50e225bf8	e4d7d5118c02747e3844a5bfad5b62e1525517b3
e51c90cb01e25c4306b1c25d4457093d1b848724	1a6d878aac73fc49c0588f24bc801b3f4149f53f
e58d169174e819f738b47c260126d7e32322593c	769671cb8c448be59cd91ddb2552cd4009d08cbb
e67568cd3e420abbbc6cc56fc1eae52e47c7690a	ee87dece89fcb317eceea06d13433196754810ba
e6dd5c348465ef7f02f42b659cbb92104b288289	508e99c38b9d432629727e33c623db14632b94ac
e74b3e0daeede3ea75b2f96ce75607c11a19afc2	61e49acc0250147950d76453c1285ddd03fa466f
e7611a90f0b060249563fe06bf3aa6f81712b63f	ad787b85c82770f693e701d161dd0c4ff7b30ec0
e7edb05ad26c512f652780cfb5dfab052d79570e	5e6ec8c8d5cf434be5d210d6256e2a04dfc1707c
e866a378ff819e782d55a969527831ddf878d24e	3b4155ad155ffba6d7cc9c96159475b83a02858b
e89e77dc6baa30d5f4dd27125e389f2f2bf2bfec	a0f5c43c6e83aa16e71b80b0cec7de907358ae5e
e98c82c4bf51ed25ff5882a7babe7d98793dda07	0c9d6ae8f5a5a294f9527e1ac6245df2ab6441d1
eac1c4449ad3afe3e0a423e9831fa1279808b213	53208194810893b602bae0717e94c6462f005917
eae8c578bc5c287e0a6dbb112c5b6847ee0a15ba	4c6d8de60cda83eafb12c8c84aab383b96aa3555
ec2bf2aa22c93ed822a99dd14fa21559fc2a0fd3	fa589cabff37db47584487a702600d60c8f62914
ec960189e90e38a33f0951295c44fedea82c872d	c1e615424e6ff49f4205b5ac7a709b39d8b76ec9
ed0cde14106ec4c853652b4baf886f48fa044343	eb70d0bc2d037a37c6843ef3d42526feff2ab1eb
ed2e414aa3b982c52739511fdba6b76aa2e3149e	141793a8c09638611004a7ddd5f3ba8ce1a50785
ee8c701b1218213004af6b440ccd71df97803e88	175743a4a63cbc78aa9d9a761b90aae544092991
eea494a71a2b7c3b174ae62d737ca098f420bb6c	4225f01a8ec7c68647a6ab03243f2b3e60cbce9e
eec5749bf4369f172d4c0fe81f16978b2a0f060e	75659d765a9263834399b56a7a684fbde8011a37
ef44a2467c7bf5632bd932e5aed4067bf76693d8	6e612b7c25d960dc4c2bb1257d2903b8f45732c8
efcdef23984644ab57a913c9ef38fd6e89af7d1f	5f18943043c0b6531dc4561aa113081d1a3c7f33
f0479f1e78b3e843f33c0635b2edcda13e20086e	5b01ba72269e8d8639fa8eeefc47d749e945097f
f0eff6e46536da007f4c81db3c6bea2426883c75	90eaa00c2f263239c6232f57864bf1f6f3d8f0fa
f1095b28293eee359271dd008371ab4f0a2d2223	b6c6a810dd80fa40a882973d01266f6895de9cfc
f116195121b07ca6da95037f05b3fa3f0c3dcefb	34eb00a9e5d33a216c791e4fcc164a51065d2ee9
f12c39c5a52cb9c7f8ea464f534abb136b42a322	a29451059ee8e82606c4607d2e33b05c49e4fa86
f14b4d93664b55099ac2973847308808ae4e1057	3a65d09ee11810ead5535b701bbcc7a62c489f66
f273109dc3d2e35cc46e20eebfbe944fb660468d	da34c83f812ef062e79d15e60e975c3660be69f4
f35b0f4235e652221c37ffba10d654a7cc0c2e92	bd6afaabad972d88b6859881951523ace40ba280
f393cc7a86e9075646e0383524f688e679af5a2d	fd8c1ab873af910d855ff89adcdc97cfdb3f92ef
f57e8ddc2d733f2def729287f687b96f97809edd	c1731fdb5121b71a4758d4012106aaf870b7110f
f60bb5ce8ff9e9e09ed034526fa26d4110e00f9a	ec8c9b3bc73fb5671497bcf7900b8dd94f03f5c2
f62087f24d9daefbbde4f8855fbcd241599000f4	ea06ce057698de57a3dc4d87286a5f66fc1c83a5
f68f560c6a400974e784bdaef11a3e7574315c20	3174f4e525d9e034ca457c3d57e8a6cf435a6bcc
f6b1cc346f290514a361252c6dffaf9d3adf109b	3bf6ad9ec4ec209647baf0b325bfef23156e2a4f
f768f64e6e98b183198dc9589e1074a94916e7e0	88b4065436c956bd3fbb0b5409b57e0c76c15433
f7943051af4f58896bfac05f31f23bdca28145e0	af7085054516b4f4d668ba7ecdd55be40bfe1351
f887ec319a9fcbc01de93c15e525e754e0cdc759	d466686dc318f45d99cb34be91b9e28a0a2692be
f974cf442febf24afc0abcee8b9ded1ff859208d	a6b9e7278209bcf1aaeac48733c534bcfcf01805
fa5f7930f85617145874f5e8f03eafb6ce62e182	0122a509a72242333a7df33ba71d966dcb5f138b
fa663a91fd05b8f2f61f61937e8e62083d37108c	1e093c4b0ae63ef0896d3e3191203ed9625ad733
fb4b27ef6ea852a0c25cba39ee98f976039f29b0	b409c6161b6008c59150a6bebbf369e4c7639553
fb522cfa16816f075aa133de76bf260fa216c515	5b2e861b55a694db5ef2d973463d0b071cec4986
fbe9538bb4fb89cb9cbeb1b0f79f2f0b2dc4fcbf	310681cfe00409fabeb47e1cdb6d4fab82127665
fc7230103f87f33363b2184db7a1f19aacb1c50a	52fe7cd086d34f6cca2b9d837a9a2b3b85a28d27
fcb4244a8999113263bd2bc916ad2c521973e238	cedbad53faef782b89ad3257033b9a03de73a4d9
fccffa7f3c61fd988bb0a67b536debcaaa9fd9cd	25dc86b5499c4825c577f2fa8661d1aab6513318
fcdebf7096bed8437027645828772c53b0622629	3ac7d655d24cddea160351a28bcf3e6e69831364
fcfc6e2dabec892b0b5097a62eefaa87324a20ac	7af13032b6cc2ee50cee73c9fbdda1d8926c16be
fe1989e85a09de8f11e902ef663f135aedee7e4b	305988df24a3568bd7ab7ed18137c404f63932b5
fe3767c8bf4316386205929ff481637e57b67405	b64de5f93ba9ef67603102d7450619a870337639
fecc2cdce46cee1b2872c5c285d21f2f2e53eec8	f2d566ffb791d05138ee76a3f179da678011c7c4
ff4a131fd184743207239f19d2a5c2a6e5844d06	4a0bb6c4a1b6fc93f01a9ab15742482a359730bc
ff7259aa1a64b8b17270581353f7fe639004160c	faaba76702ed5895ebe50495b57f4bd49673a252
ffb4603115ad2847c3e250da72c8757a77865f52	fe5b3811fd4573b0f489222c8fa91969d5636601
ffd10bced5f1bafdd4df462475b43b0df4fd116d	08cce664bc99329336d89cecf2332bc3458e1c70
